the_official_name,gdelt_name,cyber_news_count,cited_by_count,works_count,log_cited_by_count,log_works_count,country,match_score,prestige_tier
Aalto University,Aalto University,3,3458595,63981,15.056373284335963,11.06635707278361,FI,100,High (1M-5M)
Aarhus University,Aarhus University; University Of Aarhus,11,12716538,223932,16.358413987657755,12.319102178952855,DK,95,Elite (5M+)
Abertay University,Abertay University; Abertay University In Dundee,29,167994,5046,12.03168949603774,8.526549286340263,GB,90,Medium (100K-1M)
Adelphi University,Adelphi University,3,217389,8048,12.289448254451225,8.993303139093733,US,100,Medium (100K-1M)
Administrative Staff College of India,F College; Staff College,19,13657,636,9.522080709521036,6.456769655572163,IN,90,Low (<100K)
Allen University,Allen University,3,4941,231,8.505525386548555,5.44673737166631,US,100,Low (<100K)
American University,American University; American University School Of Communication; University American,51,1031404,30899,13.846432508366965,10.338511462885837,US,90,High (1M-5M)
American University of Afghanistan,American University Of Afghanistan,3,3881,327,8.264105763728956,5.793013608384144,AF,100,Low (<100K)
American University of Phnom Penh,American University Of Phnom Penh,4,305,115,5.723585101952381,4.7535901911063645,KH,100,Low (<100K)
American University of Sharjah,American University Of Sharjah,20,408706,11387,12.920753796883062,9.340315448397927,AE,100,Medium (100K-1M)
Amherst College,Amherst College,3,693712,15283,13.449813609287176,9.63456180856679,US,100,Medium (100K-1M)
Amity University,Amity University; Amrita University,12,628596,24356,13.351245630823875,10.100574561530555,IN,91,Medium (100K-1M)
"Anna University, Chennai",Anna University,4,1486724,41849,14.212086272226522,10.64184707591762,IN,90,High (1M-5M)
Arcadia University,Arcadia University,3,71563,2272,11.178347433209714,7.728855823852543,US,100,Low (<100K)
Ariel University,Ariel University,3,352628,15286,12.773171791735177,9.634758073001034,IL,100,Medium (100K-1M)
Ashesi University,Ashesi University,3,3382,985,8.12651816878071,6.893656354602635,GH,100,Low (<100K)
Ashoka University,Ashoka University,3,23784,3176,10.076810408866384,8.063692634269517,IN,100,Low (<100K)
Aston University,Aston University; Aston University Cyber Security Innovation,9,1778237,36959,14.391133544365484,10.51759152575562,GB,90,High (1M-5M)
Ateneo de Manila University,Ateneo De Manila University,5,103165,6008,11.54409462038226,8.701013624333928,PH,100,Medium (100K-1M)
Athabasca University,Athabasca University,3,188782,6378,12.1483534862666,8.760766624241956,CA,100,Medium (100K-1M)
Auburn University,Auburn University; Auburn University Mccrary Institute; Auburn University Mccrary Institute For Cyber; Critical Infrastructure Security At Auburn University; Mccrary Institute At Auburn University,71,3916216,81380,15.180636694784692,11.306897109511642,US,90,High (1M-5M)
Auburn University at Montgomery,Auburn University At Montgomery,3,78547,3383,11.271465181870122,8.126813720726114,US,100,Low (<100K)
Augusta University,Augusta University; Augusta University School Of Computer,35,3688016,44887,15.120599473192469,10.711925777430809,US,90,High (1M-5M)
Austin Peay State University,Austin Peay State University,4,69093,2743,11.143223175305586,7.917171988845776,US,100,Low (<100K)
Babcock University,Babcock University,4,67262,7545,11.11636558733258,8.928772900524256,NG,100,Low (<100K)
Baker College,Baker College,3,3611,261,8.192016914536875,5.568344503761097,US,100,Low (<100K)
Bangladesh University of Engineering and Technology,Bangladesh University Of Engineering; University Of Engineering,8,508321,18631,13.138870384025031,9.832635811564176,BD,90,Medium (100K-1M)
Bar-Ilan University,Ilan University,9,3554015,59430,15.083588789656211,10.992571254737737,IL,95,High (1M-5M)
Bard College,Bard College,4,114395,3973,11.64742139228158,8.287528423111763,US,100,Medium (100K-1M)
Barnard College,Barnard College,3,293171,8235,12.5885147464808,9.01627006814768,US,100,Medium (100K-1M)
Baton Rouge Community College,Baton Rouge Community College,6,893,60,6.795705775173514,4.110873864173311,US,100,Low (<100K)
Baylor College of Medicine,Baylor College Of Medicine,7,27349080,164812,17.1241934848052,12.012566776841515,US,100,Elite (5M+)
Baylor University,Baylor University,7,2588074,40588,14.766424914090283,10.611252372919454,US,100,High (1M-5M)
Bellevue University,Bellevue University,14,59202,1728,10.988727495263804,7.455298485683291,US,100,Low (<100K)
Belmont University,Belmont University,3,35276,2460,10.470986472491523,7.808323050391055,US,100,Low (<100K)
Ben-Gurion University of the Negev,Ben-Gurion University; Ben-Gurion University Of The Negev; Israel Ben-Gurion University Of The Negev,55,5214074,95465,15.466872257721958,11.46652544213591,IL,90,Elite (5M+)
Benedict College,Benedict College,8,21120,858,9.95802308518414,6.755768921984255,US,100,Low (<100K)
Bennett University,Bennett University,4,81737,5797,11.311274288994117,8.6652683094816,IN,100,Low (<100K)
Bentley University,Bentley University,13,240421,7202,12.39015099159912,8.882252884889363,US,100,Medium (100K-1M)
Bermuda College,Bermuda College,8,29170,762,10.280930344070526,6.637258031284457,BM,100,Low (<100K)
Binghamton University,Binghamton University,6,1896006,38411,14.455260653773411,10.556125189757864,US,100,High (1M-5M)
Blackburn College,Blackburn College,6,51846,2243,10.856052352774508,7.716015266642587,US,100,Low (<100K)
Bond University,Bond University,3,724321,15215,13.492991323876488,9.630102784785173,AU,100,Medium (100K-1M)
Bossier Parish Community College,Bossier Parish Community College,3,996,82,6.904750769961838,4.418840607796598,US,100,Low (<100K)
Boston College,Boston College,25,3564650,47093,15.086576710825202,10.759900883354868,US,100,High (1M-5M)
Boston University,Boston University,37,24522026,198465,17.01508233282598,12.198373079803734,US,100,Elite (5M+)
Bournemouth University,Bournemouth University,11,827306,21037,13.625931126401998,9.95408560529922,GB,100,Medium (100K-1M)
Bowling Green State University,Bowling Green State University,3,1149638,27582,13.954958538014942,10.224954919906036,US,100,High (1M-5M)
Brandon University,Brandon University,4,143927,7516,11.877068453516456,8.924922401177469,CA,100,Medium (100K-1M)
Brock University,Brock University,3,921370,23535,13.733618057144492,10.06628644284122,CA,100,Medium (100K-1M)
Brown University,Bronze University; Brown University,21,14495620,137840,16.48935716177962,11.833856125963656,US,91,Elite (5M+)
Brunel University of London,Brunel University; University Of London,61,3261942,52905,14.997833588068058,10.876272032964748,GB,90,High (1M-5M)
Buncombe County Early College,Early College,4,132,7,4.890349128221754,2.079441541679836,US,90,Low (<100K)
Butler County Community College,Butler County Community College,17,2188,557,7.691200097522863,6.324358962381311,US,100,Low (<100K)
COMSATS University Islamabad,University Islamabad,3,2370714,48039,14.678702155376424,10.77978927619392,PK,95,High (1M-5M)
California Institute of Technology,California Institute Of Technology; California Institute Of Technology Caltech,15,36506557,243394,17.413002473646653,12.402440917007397,US,95,Elite (5M+)
California Polytechnic State University,California Polytechnic State University,6,592754,20844,13.29253643915146,9.944869390314896,US,100,Medium (100K-1M)
California State Polytechnic University,California State Polytechnic University,3,267297,12233,12.496119419869316,9.411974239802513,US,100,Medium (100K-1M)
Cape Cod Community College,Cape Cod Community College,3,598,69,6.395261598115449,4.248495242049359,US,100,Low (<100K)
Capella University,Capella University,4,23033,1862,10.044726664228852,7.529943370601589,US,100,Low (<100K)
Cardiff University,Cardiff University; University Of Cardiff,26,13255949,126134,16.399957066204536,11.745108040935108,GB,95,Elite (5M+)
Carleton University,Carleton University,18,4455281,77491,15.309600916547009,11.257929984206836,CA,100,High (1M-5M)
Carnegie Mellon University,Coordination Center At Carnegie Mellon University; Insider Threat Center At Carnegie Mellon University; University Carnegie; University Carnegie Mellon,16,16476758,157911,16.617461400483613,11.969793194822824,US,90,Elite (5M+)
Case Western Reserve University,Case Western Reserve University,10,16803006,171350,16.637068416452266,12.051469363293895,US,100,Elite (5M+)
Casper College,Casper College,4,7103,438,8.868413284672005,6.084499413075172,US,100,Low (<100K)
Catawba Valley Community College,Catawba Valley Community College,3,131,34,4.882801922586371,3.555348061489413,US,100,Low (<100K)
Catholic University of America,Catholic University Of America,5,1864676,33910,14.438598405712348,10.43149472451088,US,100,High (1M-5M)
Catholic University of Korea,Catholic University; University Catholic,20,3282752,53741,15.00419295758878,10.89195009770325,KR,95,High (1M-5M)
Cedarville University,Cedarville University,3,18543,3123,9.827901565579532,8.046869510959576,US,100,Low (<100K)
Central New Mexico Community College,Central New Mexico Community College,4,6395,279,8.763428073953845,5.634789603169249,US,100,Low (<100K)
Central Penn College,Penn College,3,918,83,6.823286122355687,4.430816798843313,US,90,Low (<100K)
Central Piedmont Community College,Central Piedmont Community College,5,1721,178,7.451241684987676,5.187385805840755,US,100,Low (<100K)
Century College,Century College,3,8406,356,9.036819971135296,5.877735781779639,US,100,Low (<100K)
Champlain College,Champlain College; Champlain College Online,20,23117,1566,10.048366813854212,7.356918242356021,US,95,Low (<100K)
Chandigarh University,Chandigarh University,6,430683,32691,12.973129921524675,10.39488567863602,IN,100,Medium (100K-1M)
Chapman University,Chapman University,4,366715,13989,12.812342985504609,9.546098067659528,US,100,Medium (100K-1M)
Charles University,Charles University; S University,24,9076169,147842,16.02116285542483,11.90390617887742,CZ,90,Elite (5M+)
China University of Political Science and Law,China University Of Political Science,4,36657,6634,10.509386964531792,8.800113946766308,CN,95,Low (<100K)
Chinese University of Hong Kong,Chinese University Of Hong Kong,6,17497687,196707,16.677579315880166,12.189475674622804,HK,100,Elite (5M+)
Chitkara University,Chitkara University,4,433846,24761,12.980447216365413,10.117065498980637,IN,100,Medium (100K-1M)
City College of New York,City College; City College Of New York,11,1905550,32359,14.460281763566591,10.384678371172429,US,90,High (1M-5M)
City University of Hong Kong,City University Of Hong Kong,4,7945566,115743,15.888124721045314,11.659136134751824,HK,100,Elite (5M+)
City University of New York,City University Of New York; University Of New York,36,4214089,84571,15.253944230498368,11.34535852154476,US,95,High (1M-5M)
City University of Seattle,City University Of Seattle,7,147531,3334,11.90180038038449,8.112227958349724,US,100,Medium (100K-1M)
Claflin University,Claflin University,6,14734,691,9.597980895171796,6.539585955617669,US,100,Low (<100K)
Clarkson University,Clarkson University,4,934233,16592,13.74748222116415,9.716736198662788,US,100,Medium (100K-1M)
Clemson University,Clemson University,23,4000761,75979,15.201995400941344,11.238225426741616,US,100,High (1M-5M)
Clinton College,Clinton College,3,572,109,6.35088571671474,4.700480365792417,US,100,Low (<100K)
College Board,College Board,9,112934,805,11.634567710952332,6.692083742506628,US,100,Medium (100K-1M)
College of Charleston,College Of Charleston,6,439914,11432,12.994336805414251,9.34425918954197,US,100,Medium (100K-1M)
College of DuPage,College Of Dupage,3,8012,1137,8.98882050177807,7.037027614686276,US,100,Low (<100K)
College of Management Academic Studies,College Of Management Academic,4,37073,1942,10.520671194289037,7.57198844937744,IL,95,Low (<100K)
College of Southern Idaho,College Of Southern Idaho,5,3949,159,8.281470857895167,5.075173815233827,US,100,Low (<100K)
College of Southern Maryland,College Of Southern Maryland,3,1933,152,7.56734567601324,5.030437921392435,US,100,Low (<100K)
College of Southern Nevada,College Of Southern Nevada,5,5113,373,8.539737155851132,5.924255797414532,US,100,Low (<100K)
College of Western Idaho,College Of Eastern Idaho; College Of Western Idaho,17,11801,820,9.376024287617112,6.710523109452428,US,96,Low (<100K)
College of the Desert,College Of The Desert,10,2947,240,7.988882253309227,5.484796933490655,US,100,Low (<100K)
Collin College,Collin College,3,4767,521,8.469682208745185,6.257667587882639,US,100,Low (<100K)
Colorado Northwestern Community College,Colorado Northwestern Community College,5,272,22,5.60947179518496,3.1354942159291497,US,100,Low (<100K)
Columbia College Chicago,Columbia College; Columbia College Chicago; Columbia College Of Chicago,14,11821,1088,9.377717481384314,6.9930151229329605,US,90,Low (<100K)
Columbia University,Columbia University; Columbia University Graduate School Of Journalism; Columbia University School For International; Columbia University School Of International; Knight First Amendment Institute At Columbia University; Peace Studies At Columbia University; Public Affairs At Columbia University,101,46977923,386483,17.665188347202076,12.864845748998782,US,90,Elite (5M+)
Community College of Baltimore County,Community College Of Baltimore,3,4066,334,8.310660905907225,5.814130531825066,US,95,Low (<100K)
Community College of Rhode Island,Community College Of Rhode Island,5,28397,605,10.254073999134302,6.406879986069314,US,100,Low (<100K)
Concord University,Concord University,3,8814,605,9.08421009483197,6.406879986069314,US,100,Low (<100K)
Concordia University,Concordia University; Concordia University Research; University Concordia,24,3226394,66402,14.986875972825242,11.1034975151668,CA,95,High (1M-5M)
Cornell University,Cornell University; Researchers At Cornell University; University Cornell; University Of Cornell,61,56223949,471375,17.84485338066862,13.063411356011605,US,90,Elite (5M+)
Coventry University,Coventry University,8,954333,29451,13.768768993979837,10.290517098488609,GB,100,Medium (100K-1M)
Cranfield University,Cranfield University,9,2227371,35451,14.61633297315188,10.475934947858288,GB,100,High (1M-5M)
Crowder College,Crowder College,4,1170,79,7.065613363597717,4.382026634673881,US,100,Low (<100K)
Curtin University,Curtin University,12,5288209,93960,15.48099037228187,11.450635081542949,AU,100,Elite (5M+)
Cypress College,Cypress College,3,22351,799,10.014671081496743,6.684611727667927,US,100,Low (<100K)
Cyprus University of Technology,Cyprus University Of Technology; Technology University; Us University,23,384076,9554,12.858598332301582,9.164819856674374,CY,90,Medium (100K-1M)
Dartmouth College,Dartmouth College,12,6986238,88270,15.759452915043424,11.388166906827417,US,100,Elite (5M+)
De La Salle University,Fab Lab Of De La Salle University; Salle University,21,237631,11671,12.378478537536752,9.364948090202622,PH,90,Medium (100K-1M)
De La Salle-College of Saint Benilde,College Of Saint Benilde,3,4513,312,8.414938957377482,5.746203190540153,PH,90,Low (<100K)
De Montfort University,Montfort University,15,715575,23337,13.480843091764733,10.057838212366052,GB,95,Medium (100K-1M)
DePaul University,Depaul University,14,724721,22181,13.49354341202586,10.007036428164689,US,100,Medium (100K-1M)
DePauw University,Depauw University,19,62892,3996,11.049190148737244,8.293299358711323,US,100,Low (<100K)
DeSales University,Desales University,5,8549,792,9.053686561930808,6.675823221634848,US,100,Low (<100K)
DeVry University,Devry University,18,10784,1149,9.285911558823257,7.047517221357296,US,100,Low (<100K)
Deakin University,Deakin University; Deakin University Centre For Cyber Security Research,37,5711479,95213,15.557988742442925,11.463882268790895,AU,90,Elite (5M+)
Des Moines Area Community College,Des Moines Area Community College,14,1274,164,7.150701457592526,5.10594547390058,US,100,Low (<100K)
Doshisha Women's College of Liberal Arts,College Of Liberal Arts,8,52671,1571,10.871839284036742,7.360103972989152,JP,90,Low (<100K)
Drexel University,Drexel University,26,6001722,83521,15.60755715263454,11.332865349189907,US,100,Elite (5M+)
Duke University,Duke University,38,29682792,268592,17.206078075609557,12.500952501674345,US,100,Elite (5M+)
Dundee and Angus College,Angus College; S College,28,4640,130,8.442685139241176,4.875197323201151,GB,90,Low (<100K)
Duquesne University,Duquesne University,3,552237,14374,13.221734391757009,9.573245865665552,US,100,Medium (100K-1M)
Durham University,Durham University,5,6859376,109433,15.741127179251484,11.603076906792053,GB,100,Elite (5M+)
Dutch University Institute for Art History,Dutch University,5,93,33,4.543294782270004,3.5263605246161616,IT,90,Low (<100K)
East Carolina University,Carolina University,9,2045206,40389,14.531009564830276,10.60633750855746,US,95,High (1M-5M)
Eastern New Mexico University,Eastern New Mexico University,6,34441,1853,10.447032028864845,7.5251007461258,US,100,Low (<100K)
Eindhoven University of Technology,Eindhoven University Of Technology,8,6640986,96047,15.70877115498442,11.472603345491624,NL,100,Elite (5M+)
Elms College,Elms College,4,6950,479,8.846640813100485,6.173786103901937,US,100,Low (<100K)
Elon University,Elon University,5,107709,5124,11.587197709344816,8.54188580400661,US,100,Medium (100K-1M)
Emerson College,Emerson College,6,55810,2108,10.929726261557809,7.653969180478774,US,100,Low (<100K)
Emory University,Emory University; Goizueta Business School At Emory University; Mary University,24,23447874,226983,16.970290430413584,12.332634809397888,US,90,Elite (5M+)
Endicott College,Endicott College,3,66233,2293,11.100949205246406,7.738052297689316,US,100,Low (<100K)
Erasmus University Rotterdam,Erasmus University,3,12328875,119109,16.32745471121231,11.687802714874946,NL,90,Elite (5M+)
Excelsior College,Excelsior College,6,16616,596,9.718181546701214,6.391917113392602,US,100,Low (<100K)
Fairfield University,Fairfield University,4,229386,6660,12.343165812498828,8.804024902413179,US,100,Medium (100K-1M)
Federation University,Federation University,3,463327,13321,13.046190505581148,9.497172082973124,AU,100,Medium (100K-1M)
Fife College,Fife College,4,784,84,6.665683717782408,4.442651256490317,GB,100,Low (<100K)
Flinders University,Flinders University,13,3605781,69144,15.098049226120375,11.143961027898758,AU,100,High (1M-5M)
Florida A&M University - Florida State University College of Engineering,Florida A M University,11,435330,7615,12.983861940258551,8.938006576471201,US,90,Medium (100K-1M)
Florida Gulf Coast University,Florida Gulf Coast University,8,159596,6278,11.980407166828698,8.744966011114109,US,100,Medium (100K-1M)
Florida Institute of Technology,Florida Institute Of Technology,7,1172310,15425,13.974487572279568,9.643809676493944,US,100,High (1M-5M)
Fordham University,Fordham University,12,794545,30670,13.585526161331968,10.331072861728376,US,100,Medium (100K-1M)
Forsyth Technical Community College,Forsyth Technical Community College,3,29104,369,10.278665259705836,5.91350300563827,US,100,Low (<100K)
Franklin University,Franklin University,3,770800,8228,13.555185512874903,9.015419779605711,US,100,Medium (100K-1M)
Franklin W. Olin College of Engineering,Olin College Of Engineering,3,48702,1225,10.79349590881609,7.111512116496157,US,95,Low (<100K)
Free University of Bozen-Bolzano,Free University; Free University Bolzano,9,521193,15066,13.16387761227094,9.620262200801289,IT,90,Medium (100K-1M)
Front Range Community College,Front Range Community College,4,6694,238,8.809116258125274,5.476463551931511,US,100,Low (<100K)
Fudan University,Fudan University,4,19987719,240695,16.810628642943072,12.391290005436154,CN,100,Elite (5M+)
Full Sail University,Sail University,3,266,109,5.58724865840025,4.700480365792417,US,95,Low (<100K)
Furman University,Furman University,4,141738,4610,11.861742617167918,8.436200032206706,US,100,Medium (100K-1M)
Gannon University,Gannon University,12,59082,2415,10.986698513961407,7.789868559054706,US,100,Low (<100K)
Gaston College,Gaston College,8,7933,231,8.978912601074276,5.44673737166631,US,100,Low (<100K)
George Washington University,University George Washington; Washington University,14,6403551,117457,15.67236339437436,11.673836101858502,US,95,Elite (5M+)
Georgetown University,Georgetown University; Georgetown University Center; Georgetown University Law Center; Georgetown University School Of Foreign Service; Technology At Georgetown University,99,8833057,116507,15.994011831991232,11.665715219158145,US,90,Elite (5M+)
Georgia Institute of Technology,Georgia Institute Of Technology,51,17916309,195674,16.701222029129045,12.18421039867304,US,100,Elite (5M+)
German University in Cairo,German University,7,127804,5524,11.758260943790935,8.617038526385954,EG,90,Medium (100K-1M)
Ghana Communication Technology University,Ghana Communication Technology University,5,15704,1632,9.661734411972748,7.398174092970465,GH,100,Low (<100K)
Goethe University Frankfurt,Goethe University,4,14745639,166501,16.506458003833476,12.022762600342505,DE,90,Elite (5M+)
Gonzaga University,Gonzaga University,6,96363,4968,11.475887966867663,8.51097389160232,US,100,Low (<100K)
"Government College University, Faisalabad",Government College,4,1058575,21349,13.87243516669616,9.96880701865677,PK,90,High (1M-5M)
Grand Canyon University,Canyon University,6,19796,1676,9.893285690051531,7.424761761823209,US,95,Low (<100K)
Graz University of Technology,Graz University Of Technology,4,2855813,71338,14.8648674742704,11.175198441433086,AT,100,High (1M-5M)
Griffith University,Griffith University,13,5416890,97568,15.505032592598932,11.48831509899751,AU,100,Elite (5M+)
Guilford College,Guilford College,3,70905,1232,11.169110335173754,7.117205503164344,US,100,Low (<100K)
Guilford Technical Community College,Guilford Technical Community College,7,5249,856,8.565983355585669,6.75343791859778,US,100,Low (<100K)
Gujarat University,Gujarat University,6,165945,8912,12.019417713211949,9.095266164130717,IN,100,Medium (100K-1M)
Hainan University,China University; Hainan University,6,1684182,43528,14.336791137714,10.681182661619935,CN,91,High (1M-5M)
Hamad bin Khalifa University,Hamad Bin Khalifa University; Khalifa University,20,618779,13040,13.335505076538167,9.4758535196569,QA,90,Medium (100K-1M)
Hampton University,Hampton University,9,727589,6697,13.497492981716372,8.80956425335415,US,100,Medium (100K-1M)
Harbin Engineering University,Engineering University,4,2823893,63684,14.853627341480031,11.06170433502386,CN,95,High (1M-5M)
Harbin Institute of Technology,Austrian Institute Of Technology; Harbin Institute Of Technology,11,14094593,221432,16.461301877574876,12.307875339640118,CN,90,Elite (5M+)
Harrisburg University of Science and Technology,Harrisburg University; Harrisburg University Of Science; University Of Science,29,29411,2097,10.289158033316111,7.648739788956242,US,90,Low (<100K)
Harvard University,Belfer Centre At Harvard University; Harvard University; Harvard University Belfer Center Cyber; Harvard University Berkman Klein Center; University Of Harvard,89,143061250,702852,18.77878342518897,13.462903045086865,US,90,Elite (5M+)
Hebrew University of Jerusalem,Hebrew University; Hebrew University Of Jerusalem; University Hebrew Of Jerusalem,28,11158255,147868,16.2276902303042,11.904082025647703,IL,90,Elite (5M+)
Heriot-Watt University,Watt University,9,1832481,34866,14.421181890048045,10.459296102128596,GB,95,High (1M-5M)
Hillsdale College,Hillsdale College,4,126951,994,11.75156434124268,6.902742737158593,US,100,Medium (100K-1M)
Hofstra University,Hofstra University,16,824608,22426,13.622664613578106,10.018020869126287,US,100,Medium (100K-1M)
Holon Institute of Technology,Holon Institute Of Technology,5,97834,4364,11.4910376652122,8.381373468273702,IL,100,Low (<100K)
Hong Kong Polytechnic University,Polytechnic University; University Polytechnic,17,9257669,152438,16.04096295509036,11.934519795008264,HK,95,Elite (5M+)
Hope College,He College; Hope College,8,204179,4942,12.226757236723008,8.505727713306959,US,91,Medium (100K-1M)
Howard University,Howard University,33,1258231,28965,14.04521811895313,10.273878007360802,US,100,High (1M-5M)
Hunter College,Hunter College,4,981834,22857,13.797178548778996,10.037056444457544,US,100,Medium (100K-1M)
Illinois Institute of Technology,Illinois Institute Of Technology,14,1691219,35069,14.340960719950608,10.465101343134224,US,100,High (1M-5M)
Illinois Valley Community College,Illinois Valley Community College,8,746,65,6.616065185132817,4.189654742026425,US,100,Low (<100K)
Imperial College London,Imperial College; Imperial College London,50,41729297,385088,17.54671402999633,12.861229755385692,GB,95,Elite (5M+)
Indian Institute of Technology Bombay,Indian Institute Of Technology Bombay,3,3060028,65343,14.93393495100784,11.087420901524338,IN,100,High (1M-5M)
Indian Institute of Technology Jodhpur,Indian Institute Of Technology Jodhpur,3,208401,8825,12.24722418574428,9.085457189829492,IN,100,Medium (100K-1M)
Indian Institute of Technology Kanpur,Indian Institute Of Technology Kanpur,9,2354559,52101,14.671864431458491,10.8609586147206,IN,100,High (1M-5M)
Indian Institute of Technology Kharagpur,Indian Institute Of Technology,42,3463807,71390,15.057879119876583,11.175927089962483,IN,95,High (1M-5M)
Indian Institute of Technology Madras,Indian Institute Of Technology Madras,7,2609992,67245,14.774858097302944,11.116112816141204,IN,100,High (1M-5M)
Indiana University Bloomington,Indiana University Bloomington,6,10958381,109166,16.20961520084887,11.600634098819787,US,100,Elite (5M+)
Indiana University of Pennsylvania,Indiana University Of Pennsylvania,10,136936,6748,11.82727624503038,8.817149624743406,US,100,Medium (100K-1M)
Indiana University – Purdue University Indianapolis,Indiana University; Purdue University; Purdue University Indianapolis,133,13891482,145465,16.44678647648989,11.88769766131102,US,90,Elite (5M+)
Innsbruck Medical University,University Innsbruck,6,4231643,38491,15.258101127998918,10.558205706476292,AT,95,High (1M-5M)
International Islamic University Malaysia,Islamic University,3,667312,33419,13.41101448019452,10.416909802149386,MY,90,Medium (100K-1M)
Italian University Line,University Italian; University Line,10,6715,343,8.812248018197431,5.840641657373398,IT,90,Low (<100K)
Ithaca College,Ithaca College,4,922290,13745,13.734616070963035,9.52850315168155,US,100,Medium (100K-1M)
Ivy Tech Community College of Indiana,Ivy Tech Community College,12,8402,421,9.03634406392822,6.045005314036012,US,95,Low (<100K)
Jacksonville University,Jacksonville University,3,213684,6945,12.272258246985931,8.845921233304018,US,100,Medium (100K-1M)
"Jawaharlal Nehru Technological University, Hyderabad",Jawaharlal Nehru Technological University,3,224758,13686,12.32278399602599,9.524201756211266,IN,95,Medium (100K-1M)
Johns Hopkins University,Thomas Rid Of Johns Hopkins University; University Hopkins; University Johns Hopkins,21,76253284,496222,18.149571054491005,13.114780701442912,US,90,Elite (5M+)
KTH Royal Institute of Technology,Royal Institute Of Technology,7,8337678,116356,15.936295438240922,11.664418330221086,SE,95,Elite (5M+)
Kadir Has University,University Has,4,67219,4055,11.115726101279096,8.30795254527102,TR,95,Low (<100K)
Kaimosi Friends University,Friends University,6,2795,477,7.935945103353701,6.169610732491456,KE,95,Low (<100K)
Kaunas University of Technology,Kaunas University Of Technology,3,550476,18856,13.218540454072237,9.844639476726922,LT,100,Medium (100K-1M)
Kean University,Cybersecurity At Kean University; Kean University,9,74940,4426,11.224456416267188,8.395477432732141,US,90,Low (<100K)
Keio University,Keio University,6,7366587,119681,15.812465199029822,11.69259350429862,JP,100,Elite (5M+)
Kenyatta University,Kenyatta University,3,182732,13825,12.11578135002928,9.53430615650521,KE,100,Medium (100K-1M)
Kenyon College,Kenyon College,12,604859,3969,13.312752305276042,8.286521373681236,US,100,Medium (100K-1M)
Khalifa University of Science and Technology,Khalifa University Of Science,3,1026450,34616,13.841617779279854,10.452100169862778,AE,90,High (1M-5M)
Kim Il-sung University,Kim Il Sung University,5,17612,761,9.776392544732296,6.635946555686647,KP,100,Low (<100K)
Knox College,Knox College,6,61856,1850,11.032580548457824,7.523481312573497,US,100,Low (<100K)
Korea University,Korea University,14,9679964,116793,16.085568843543744,11.668166978193774,KR,100,Elite (5M+)
Kuwait College of Science and Technology,Kuwait College Of Science,3,40579,2130,10.611030613379803,7.664346632098617,KW,90,Low (<100K)
Kuwait University,Kuwait University,7,1076850,29446,13.88955159930675,10.290347316318725,KW,100,High (1M-5M)
Kyoto University of Education,University Education,3,1067366,13815,13.880705426158984,9.533582619826516,JP,95,High (1M-5M)
La Trobe University,Trobe University,9,4316346,95816,15.27792000064552,11.470195401243164,AU,95,High (1M-5M)
Lafayette College,Lafayette College,4,203176,7876,12.22183279930373,8.971702399703325,US,100,Medium (100K-1M)
Lakehead University,Lakehead University,3,711557,16247,13.475212211109527,9.69572510326022,CA,100,Medium (100K-1M)
Lamar University,Lamar University,5,316356,7987,12.664626601720771,8.985695694535705,US,100,Medium (100K-1M)
Lancaster University,Lancaster University; Lancaster University Management School; University Of Lancaster,35,6310995,84105,15.6578040667522,11.339833187054728,GB,90,Elite (5M+)
Laramie County Community College,Laramie County Community College,5,2078,134,7.639642287858013,4.90527477843843,US,100,Low (<100K)
Laurentian University,Laurentian University,6,687662,13519,13.441054171330348,9.511925349596956,CA,100,Medium (100K-1M)
Lebanese French University,French University,4,32202,1859,10.379814894894524,7.528331766707247,IQ,90,Low (<100K)
Lehigh Carbon Community College,Lehigh Carbon Community College,3,424,47,6.052089168924417,3.871201010907891,US,100,Low (<100K)
Lehigh University,Lehigh University,9,2267232,42877,14.634070703211354,10.666114152865877,US,100,High (1M-5M)
Leiden University,Leiden University; University Of Leiden,19,11827133,145696,16.28590694117668,11.889284401717369,NL,95,Elite (5M+)
Leipzig University,University Leipzig,4,6316510,127186,15.658677556721464,11.753413723407393,DE,95,Elite (5M+)
Lewis University,Lewis University,9,27018,1655,10.204295601206814,7.412160334945205,US,100,Low (<100K)
Lewis and Clark Community College,Lewis Clark Community College,3,580,38,6.364750756851911,3.6635616461296463,US,95,Low (<100K)
Liberty University,Liberty University; Strategic Leadership At Liberty University,10,35558,5807,10.47894856774761,8.666991556504632,US,90,Low (<100K)
Lincoln College,Lincoln College,17,25715,2117,10.154868645261578,7.658227526161352,US,100,Low (<100K)
Lincoln Land Community College,Lincoln Land Community College,3,1230,104,7.115582126184454,4.653960350157523,US,100,Low (<100K)
Lincoln University,Lincoln University; University Of Lincoln,11,763921,12655,13.546220968695849,9.445886690007436,NZ,95,Medium (100K-1M)
Liverpool John Moores University,Liverpool John Moores University,6,2022257,38198,14.51972526686199,10.550564616241545,GB,100,High (1M-5M)
London South Bank University,London South Bank University,3,444573,15122,13.004871799270076,9.62397204275074,GB,100,Medium (100K-1M)
Longwood University,Longwood University,4,71709,2106,11.18038548687662,7.653020413804189,US,100,Low (<100K)
Loras College,Loras College,3,7643,653,8.941676305360163,6.483107351457199,US,100,Low (<100K)
Loughborough University,Loughborough University,12,3726525,90407,15.130986990335764,11.412088038039986,GB,100,High (1M-5M)
Loyola University Chicago,Loyola University; Loyola University Chicago,12,2618977,48685,14.778294723301835,10.793146793409363,US,95,High (1M-5M)
M S Ramaiah University of Applied Sciences,University Of Applied Sciences,6,153233,9433,11.939721443780222,9.152075463844207,IN,95,Medium (100K-1M)
Maastricht University,Able University Maastricht; Able University Of Maastricht; Maastricht University; University Maastricht; University Of Maastricht,55,10904924,113604,16.204725080015123,11.640482798385104,NL,95,Elite (5M+)
"Mackay Junior College of Medicine, Nursing and Management",Junior College,3,116828,3075,11.668466606229211,8.031385330625534,TW,90,Medium (100K-1M)
Macquarie University,Macquarie University,23,5369727,101217,15.496287813433115,11.525031885631938,AU,100,Elite (5M+)
Marquette University,Marquette University,4,1211509,35776,14.007378073434944,10.485060507823594,US,100,High (1M-5M)
Marshall University,Marshall University,34,433832,12575,12.980414946404132,9.439545514668987,US,100,Medium (100K-1M)
Martin University,Martin University,4,234857,4213,12.366736355171325,8.346167594364134,US,100,Medium (100K-1M)
Marymount University,Marymount University,9,1553895,40610,14.25627588360329,10.611794244853897,US,100,High (1M-5M)
Maryville University,Marseille University; Maryville University,13,13396,761,9.502786080276984,6.635946555686647,US,90,Low (<100K)
Massachusetts Institute of Technology,Massachusetts Institute Of Technology,82,64172847,346122,17.97709075085186,12.75454948219727,US,100,Elite (5M+)
Massey University,Massey University,4,2790913,54064,14.841879698715164,10.897942305379637,NZ,100,High (1M-5M)
McGill University,Mcgill University,18,27193058,294675,17.118472314877764,12.5936317266582,CA,100,Elite (5M+)
McMaster University,Mcmaster University,6,18140263,182106,16.71364455601835,12.11234970539424,CA,100,Elite (5M+)
Memorial University of Newfoundland,Memorial University,5,2804568,58238,14.846760430943972,10.972310512393486,CA,90,High (1M-5M)
Mercer University,Mercer University,10,358521,8634,12.789745303945084,9.06357899058078,US,100,Medium (100K-1M)
Mercyhurst University,Mercyhurst University,9,19550,938,9.88078171500049,6.844815479208263,US,100,Low (<100K)
Miami University,Miami University,21,1469284,37420,14.200286445868892,10.529987323148188,US,100,High (1M-5M)
Middlebury College,Middlebury College,4,216106,6997,12.283528934381277,8.853379672927634,US,100,Medium (100K-1M)
Middlesex University,Middlesex University,3,877372,18598,13.684687494503128,9.830863094815127,GB,100,Medium (100K-1M)
Midland University,Midland University,5,738,76,6.6052979209482015,4.343805421853684,US,100,Low (<100K)
Millersville University,Millersville University,3,68470,2817,11.134165576944929,7.943782692458625,US,100,Low (<100K)
Mississippi Gulf Coast Community College,Mississippi Gulf Coast Community College,5,811,94,6.699500340161678,4.553876891600541,US,100,Low (<100K)
Mississippi Valley State University,Mississippi Valley State University,4,4286,389,8.363342466597977,5.966146739123692,US,100,Low (<100K)
Missouri Southern State University,Missouri Southern State University,3,8358,634,9.031094081699155,6.453624998892692,US,100,Low (<100K)
Mohamed bin Zayed University of Artificial Intelligence,Mohamed Bin Zayed University Of Artificial Intelligence,3,111192,3712,11.61902270917692,8.21959545417708,AE,100,Medium (100K-1M)
Mohawk Valley Community College,Mohawk Valley Community College,8,1741,144,7.462789157412448,4.976733742420574,US,100,Low (<100K)
Moi University,I University; Moi University,6,239286,9604,12.385418947305885,9.170039075202656,KE,92,Medium (100K-1M)
Monash University,Monash University,5,21418407,281840,16.879761297159224,12.54909836112123,AU,100,Elite (5M+)
Monmouth University,Monmouth University,4,86983,3900,11.373479472677586,8.268988209506656,US,100,Low (<100K)
Montgomery College,Montgomery College,3,18214,919,9.810000709442663,6.824373670043086,US,100,Low (<100K)
Moraine Valley Community College,Moraine Valley Community College; Moraine Valley Community College In Palos Hills,7,742,107,6.610696044717759,4.68213122712422,US,95,Low (<100K)
Morehouse College,Morehouse College,5,29651,1463,10.29728485577661,7.288927694521257,US,100,Low (<100K)
Morris College,Morris College,4,3121,130,8.046229101075378,4.875197323201151,US,100,Low (<100K)
Mount Carmel College of Nursing,Carmel College,4,3289,328,8.098642843759418,5.796057750765372,US,90,Low (<100K)
Multimedia University,Multimedia University,10,420236,17791,12.94857411682452,9.78650419705031,MY,100,Medium (100K-1M)
Nanyang Technological University,Technological University; University Technological,10,17486670,193415,16.676949491542715,12.172598588672455,SG,95,Elite (5M+)
National Central University,Central University; University National,10,2927451,45350,14.88964297807706,10.722187506016818,TW,90,High (1M-5M)
National College of Ireland,National College Of Ireland,5,34870,2274,10.459410817205152,7.729735331385051,IE,100,Low (<100K)
National Forensic Sciences University,National Forensic Science University; National Forensic Sciences University,22,46186,2239,10.740453652192178,7.714231144849085,IN,99,Low (<100K)
National Institute of Technology Rourkela,National Institute Of Technology,14,985255,22902,13.800656784863625,10.03902318532882,IN,95,Medium (100K-1M)
National Research University Higher School of Economics,Research University,6,784813,64377,13.573202026014036,11.072527238821948,RU,90,Medium (100K-1M)
National University of Ireland,National University Of Ireland,4,973509,10704,13.788663375955297,9.278466201023782,IE,100,Medium (100K-1M)
National University of Science and Technology,National University Of Science,5,689462,15670,13.443668312701666,9.659567149523216,RU,90,Medium (100K-1M)
National University of Singapore,National University Of Singapore; National University Of Singapore School Of Computing,45,24786179,277616,17.02579679774471,12.533997744932828,SG,90,Elite (5M+)
New Jersey Institute of Technology,Jersey Institute Of Technology,12,1404460,31430,14.155164157251972,10.355549946021076,US,95,High (1M-5M)
New York College of Health Professions,College Of Health; York College,8,583986,4952,13.277634001288629,8.507748732588238,US,90,Medium (100K-1M)
New York Institute of Technology,York Institute Of Technology,15,223007,6240,12.314962924238245,8.738895704934043,US,95,Medium (100K-1M)
New York State College of Agriculture & Life Sciences,College Of Agriculture,4,431590,5127,12.975233659507362,8.542470998600505,US,90,Medium (100K-1M)
New York University,Election Reform Program At New York University; Justice At New York University,10,26659653,275738,17.09866189438606,12.527210045114272,US,90,Elite (5M+)
New York University Abu Dhabi,York University Abu Dhabi,6,418349,8394,12.944073681723744,9.035391569511642,AE,95,Medium (100K-1M)
Newbold College of Higher Education,College Of Higher,4,10480,816,9.257319373170178,6.705639094860003,GB,90,Low (<100K)
Newcastle University,Newcastle University; University Of Newcastle,40,11771297,150679,16.281174753529857,11.922913661805977,GB,95,Elite (5M+)
Niagara University,Niagara University,4,44464,2203,10.70245764183374,7.698029170272805,US,100,Low (<100K)
North Dakota University System,Dakota University; Dakota University System; University System,18,1064,117,6.970730078143525,4.770684624465665,US,90,Low (<100K)
North Idaho College,Idaho College,7,12086,457,9.399885773859458,6.126869184114185,US,95,Low (<100K)
Northcentral University,Northcentral University,3,12782,961,9.45587144216802,6.8690144506657065,US,100,Low (<100K)
Northeastern University,Device Cybersecurity At Northeastern University; Matthew Modoono Northeastern University; Northeastern University,49,6449157,82775,15.679460137614864,11.323893443284788,US,90,Elite (5M+)
Northern Virginia Community College,Northern Virginia Community College,6,10855,515,9.292473201514705,6.246106765481563,US,100,Low (<100K)
Northwestern University,Northwestern University,30,35554278,260397,17.386571072652295,12.469966508795505,US,100,Elite (5M+)
Nova Southeastern University,Southeastern University,3,843076,22762,13.64481357326348,10.03289168974739,US,95,Medium (100K-1M)
Oakland University,Oakland University,9,1089839,30114,13.901541454439942,10.312778665477822,US,100,High (1M-5M)
Oakwood University,Oakwood University,3,19577,481,9.882161765821376,6.1779441140506,US,100,Low (<100K)
Ohio University,Ohio University,15,2383721,53020,14.684173689629562,10.878443340472396,US,100,High (1M-5M)
Ohlone College,Ohlone College,5,2057,138,7.629489916393995,4.934473933130692,US,100,Low (<100K)
Ollscoil na Gaillimhe – University of Galway,University Of Galway,5,3106652,50105,14.949056498842356,10.821896040381285,IE,90,High (1M-5M)
Open University of Israel,Israel University; University Israel; University Of Israel,12,163927,5525,12.007182586016668,8.617219505483362,IL,95,Medium (100K-1M)
Oranim Academic College of Education,College Of Education,12,84902,2968,11.349264707364194,7.99598047476376,IL,90,Low (<100K)
Oregon Health & Science University,Oregon Health Science University; Science University,12,12394235,121377,16.33274208379458,11.706664922074989,US,90,Elite (5M+)
Osmania University,Osmania University,5,501823,18336,13.126004739590591,9.816676155549164,IN,100,Medium (100K-1M)
Our Lady of the Lake University,Lake University,8,21358,770,9.969228475498804,6.647688373563329,US,90,Low (<100K)
Ozarks Technical Community College,Ozarks Technical Community College,4,1726,91,7.454141078146678,4.5217885770490405,US,100,Low (<100K)
Pace University,Information Systems At Pace University; Pace University,22,246466,10079,12.414983389263575,9.21830854162536,US,90,Medium (100K-1M)
Palm Beach State College,Palm Beach State College,4,1564,254,7.355641102974253,5.541263545158426,US,100,Low (<100K)
Parul University,Parul University,4,61335,6638,11.024122225238733,8.80071662871916,IN,100,Low (<100K)
Pellissippi State Community College,Pellissippi State Community College,5,7482,244,8.920389060080359,5.501258210544727,US,100,Low (<100K)
Pennsylvania Highlands Community College,Pennsylvania Highlands Community College,4,274,19,5.616771097666572,2.995732273553991,US,100,Low (<100K)
Pepperdine University,Pepperdine University,5,168631,8497,12.03547410487973,9.047586120674756,US,100,Medium (100K-1M)
Polytechnic University of the Philippines,Polytechnic University Of The Philippines; University Of The Philippines,12,11313,2125,9.3337961759031,7.661997558901893,PH,95,Low (<100K)
Prairie View A&M University,Prairie View A M University,7,183277,6452,12.118759404802452,8.77230041793584,US,100,Medium (100K-1M)
Princeton University,Princeton University; University Of Princeton,47,26841120,211607,17.105445635216444,12.262490785434972,US,95,Elite (5M+)
Punjab Engineering College,Engineering College,8,134589,8206,11.80998839922776,9.012742727629712,IN,95,Medium (100K-1M)
Qatar University,Qatar University,9,1737699,40636,14.368072957710346,10.612434260629977,QA,100,High (1M-5M)
"Queens College, CUNY",Queens College,6,680398,18138,13.430434669779071,9.805819595357969,US,95,Medium (100K-1M)
Queensland University of Technology,Queensland University Of Technology; University Of Queensland,47,5626347,100874,15.542971121789058,11.52163740557225,AU,95,Elite (5M+)
Quest University Canada,Canada University,3,73464,2697,11.204564381310046,7.900266036767701,CA,95,Low (<100K)
Quinnipiac University,Quinnipiac University,8,130757,5934,11.781103565523866,8.688622307043769,US,100,Medium (100K-1M)
RMIT University,It University; Rmit University,20,4129616,83956,15.233695224559478,11.338060041995572,AU,93,High (1M-5M)
Radboud University Nijmegen,Radboud University,12,24742133,205988,17.024018178282255,12.23557804828774,NL,90,Elite (5M+)
Radford University,Radford University,6,90688,4221,11.415191349806776,8.348064228408266,US,100,Low (<100K)
Regent University,Regent University,5,63038,3465,11.05150886146178,8.150756470275551,US,100,Low (<100K)
Regis University,Regis University,19,83916,3039,11.337583494099448,8.019612794400267,US,100,Low (<100K)
Reichman University,Reichman University; Reichman University In Herzliya,8,218429,5799,12.294220876056867,8.66561319653451,IL,90,Medium (100K-1M)
Rensselaer Polytechnic Institute,Polytechnic Institute,4,4125128,63260,15.23260784998921,11.055024304512123,US,90,High (1M-5M)
Rice University,Rice University,32,10473526,82326,16.164361393359425,11.318454400906347,US,100,Elite (5M+)
River Parishes Community College,River Parishes Community College,3,911,34,6.815639990074331,3.555348061489413,US,100,Low (<100K)
Roane State Community College,Roane State Community College; Roane State Community College Workforce Training,14,2745,114,7.917900586327916,4.74493212836325,US,90,Low (<100K)
Rochester Institute of Technology,Rochester Institute Of Technology,46,1946003,30567,14.481288597224433,10.327708989126736,US,100,High (1M-5M)
Rose–Hulman Institute of Technology,Rose-Hulman Institute Of Technology,3,68229,3933,11.130639629809467,8.277411998949004,US,100,Low (<100K)
Rowan College at Burlington County,Rowan College At Burlington,3,1674,210,7.423568444259167,5.351858133476067,US,95,Low (<100K)
Rowan University,Rowan University,4,494084,15281,13.11046284614594,9.634430944207512,US,100,Medium (100K-1M)
Royal College of Nursing,College Of Nursing; Royal College Of Nursing,8,98305,2913,11.495840341912414,7.97728198675515,GB,95,Low (<100K)
Royal College of Surgeons in Ireland,Royal College,3,1611630,23963,14.292757267656649,10.084307983203816,IE,90,High (1M-5M)
Royal Danish Defence College,Defence College,11,98992,1418,11.502804419546155,7.257707677160043,DK,90,Low (<100K)
Ruhr University Bochum,Ruhr University Bochum; University Bochum,21,7504063,120970,15.830955298416477,11.703306126432086,DE,95,Elite (5M+)
"Rutgers, The State University of New Jersey",University Of New Jersey,3,21390342,250959,16.87845011646064,12.43304884286456,US,90,Elite (5M+)
Saint Louis University,Louis University,3,3649295,49525,15.11004483024324,10.810253063185211,US,95,High (1M-5M)
Salt Lake Community College,Salt Lake Community College,5,16175,472,9.691283941260252,6.159095388491933,US,100,Low (<100K)
Sam Houston State University,Sam Houston State University,4,296337,11164,12.59925597373543,9.320539164274258,US,100,Medium (100K-1M)
San Diego State University,San Diego State University,13,3483476,52026,15.063541490875611,10.859518093579142,US,100,High (1M-5M)
San Jose State University,San Jose State University,14,712199,33242,13.476114049825814,10.411599497604437,US,100,Medium (100K-1M)
Sapienza University of Rome,University Of Rome,5,20191876,250426,16.820790952783128,12.430922739871155,IT,90,Elite (5M+)
Savannah College of Art and Design,Savannah College Of Art,3,3519,660,8.166216268592143,6.493753839851686,US,95,Low (<100K)
Seattle University,Seal University; Seattle University,6,8196589,57046,15.919228772084834,10.9516307684562,US,91,Elite (5M+)
Seton Hall University,University Hall,3,272393,10581,12.51500482658319,9.266909723464076,US,95,Medium (100K-1M)
Sharif University of Technology,Sharif University Of Technology,4,1898541,45387,14.45659678113776,10.72300303191088,IR,100,High (1M-5M)
Shepherd University,Shepherd University,3,32739,1421,10.396352850925126,7.259819610363186,US,100,Low (<100K)
Sheridan College,Sheridan College,3,110064,908,11.608826379347432,6.812345094177479,CA,100,Medium (100K-1M)
Shinjuku College of Information Technology,College Of Information,6,13379,259,9.50151633368222,5.560681631015528,JP,90,Low (<100K)
Siena College,Siena College; Siena College Of Taytay; York Times Siena College,10,77926,2849,11.263527770010382,7.955074273262696,US,90,Low (<100K)
Sierra College,Sierra College,7,2742,144,7.916807490937603,4.976733742420574,US,100,Low (<100K)
Singapore Institute of Technology,Singapore Institute Of Technology,6,112169,6106,11.62777085663927,8.717190933223135,SG,100,Medium (100K-1M)
Singapore University of Social Sciences,Singapore University Of Social Sciences,3,117057,4131,11.670424817443832,8.326516830239528,SG,100,Medium (100K-1M)
Singapore University of Technology and Design,Singapore University Of Technology,20,843984,14211,13.645890000908311,9.561841957140915,SG,95,Medium (100K-1M)
Singularity University,Singularity University,3,4515,676,8.415381925269553,6.517671272912275,US,100,Low (<100K)
Sitting Bull College,Bull College,4,502,38,6.220590170099739,3.6635616461296463,US,90,Low (<100K)
Southeast Missouri State University,Southeast Missouri State University,4,76440,3663,11.244274480424576,8.20631072579402,US,100,Low (<100K)
Southern New Hampshire University,Southern New Hampshire University,12,9990,1336,9.20943996673302,7.198183577101943,US,100,Low (<100K)
Southern University System,Southern University; Southern University System,13,15735,200,9.663706360068897,5.303304908059076,US,95,Low (<100K)
Southern University at Shreveport,Southern University At Shreveport,3,3908,147,8.271036865792954,4.997212273764115,US,100,Low (<100K)
Spelman College,Spelman College,4,33466,1749,10.418315157681416,7.467371066917559,US,100,Low (<100K)
Spokane Falls Community College,Spokane Falls Community College,6,2480,135,7.816416983691801,4.912654885736052,US,100,Low (<100K)
Springfield Technical Community College,Springfield Technical Community College,3,1421,196,7.259819610363186,5.2832037287379885,US,100,Low (<100K)
St. Augustine College,Augustine College,3,21119,1336,9.957975737820195,7.198183577101943,US,95,Low (<100K)
St. Bonaventure University,Bonaventure University,6,38276,3134,10.552604472589852,8.050384453067021,US,95,Low (<100K)
St. Francis Xavier University,Xavier University,16,277820,9026,12.534732300397785,9.107975365298154,CA,90,Medium (100K-1M)
St. Paul's Co-educational College,Educational College,3,46962,1171,10.7571153366182,7.066466970136958,CN,90,Low (<100K)
Stanford University,Hoover Institution At Stanford University; Stanford University; Stanford University Center; Stanford University Cyber Policy Center; Stanford University Hoover Institution; Stanford University Internet Observatory; University Of Stanford; University Stanford,120,86691256,526392,18.277863594682024,13.173803361032489,US,90,Elite (5M+)
Stellenbosch University,University Of Stellenbosch,3,4093020,87245,15.224793886172348,11.37648699374154,ZA,95,High (1M-5M)
Stenden University of Applied Sciences,Stenden University Of Applied Sciences,4,31547,1703,10.359265474517882,7.440733707389261,NL,100,Low (<100K)
Stevens Institute of Technology,Stevens Institute Of Technology,12,934179,23115,13.747424418129048,10.04828029743767,US,100,Medium (100K-1M)
Stillman College,Stillman College,8,2159,172,7.67786350067821,5.153291594497779,US,100,Low (<100K)
Stratford University,Stratford University,3,126541,2689,11.748329547854937,7.897296472595885,US,100,Medium (100K-1M)
Strathmore University,Strathmore University,6,24923,3187,10.123586473664112,8.067149039910106,KE,100,Low (<100K)
Strayer University,Strayer University,4,3456,221,8.148156439921625,5.402677381872279,US,100,Low (<100K)
Suffolk University,Suffolk University,3,211093,8020,12.260058810883928,8.989818381366925,US,100,Medium (100K-1M)
Swansea University,Swansea University,5,3475736,63237,15.06131710082484,11.054660665269862,GB,100,High (1M-5M)
Swedish University of Agricultural Sciences,Swedish University,4,5308686,63860,15.484855093338826,11.064464125400788,SE,90,Elite (5M+)
Swinburne University of Technology,Swinburne University; Swinburne University Of Technology,21,2904717,68332,14.881846869545836,11.132148091391755,AU,90,High (1M-5M)
Syracuse University,Syracuse University,33,6493545,76296,15.686319318514274,11.242388898019872,US,100,Elite (5M+)
Technical College System of Georgia,Technical College System,4,2793,90,7.935229539816907,4.51085950651685,US,95,Low (<100K)
Technical University of Moldova,Technical University Of Moldova,6,74841,3819,11.223134503708131,8.24800570160062,MD,100,Low (<100K)
Technical University of Munich,S Technical University; Technical University; Technical University Munich; Technical University Of Munich,33,18619022,225716,16.739694357974702,12.327037281191988,DE,90,Elite (5M+)
Technion – Israel Institute of Technology,Israel Institute Of Technology; Technion Institute Of Technology,20,8050438,113994,15.901237182069304,11.643909866765648,IL,95,Elite (5M+)
Technological University Dublin,Technological University Dublin,7,208361,10639,12.247032230584416,9.272375762895637,IE,100,Medium (100K-1M)
Tel Aviv University,Aviv University; University Of Tel Aviv,17,17210482,205125,16.661029232872348,12.231379703456682,IL,95,Elite (5M+)
Temple University,Temple University,20,6756578,101020,15.726027254836234,11.523083695002944,US,100,Elite (5M+)
Texas A&M University,Texas A M University,41,18676337,243773,16.742767933003005,12.403996845551536,US,100,Elite (5M+)
Texas A&M University System,Texas A M University System,7,1125345,11532,13.933601101890698,9.35296777022594,US,100,High (1M-5M)
Texas State Technical College Harlingen,Texas State Technical College,4,3132,210,8.049746290952191,5.351858133476067,US,95,Low (<100K)
Thammasat University,Thammasat University,3,479705,22416,13.08092869522932,10.017574878573896,TH,100,Medium (100K-1M)
The University of Adelaide,University Of Adelaide,19,29713242,150326,17.20710339664841,11.920568200326167,AU,95,Elite (5M+)
The University of Arizona Global Campus,University Of Arizona Global Campus,4,33408,1429,10.41658060374452,7.265429723253953,US,95,Low (<100K)
The University of Melbourne,University Of Melbourne,31,30505338,343566,17.23341227543865,12.747137422570722,AU,95,Elite (5M+)
The University of Sydney,University Of Sydney; University Of The,40,26703213,333127,17.10029449065788,12.716282079490211,AU,95,Elite (5M+)
The University of Texas System,University Of Texas System,3,712522,4793,13.476567471305689,8.475120414994329,US,95,Medium (100K-1M)
The University of Texas at Arlington,University Of Texas At Arlington,11,3878975,50021,15.171081759241323,10.820218187638668,US,95,High (1M-5M)
The University of Texas at Austin,University Of Texas At Austin,47,23706775,354050,16.981271472414686,12.777196249535754,US,95,Elite (5M+)
The University of Texas at Dallas,University Of Texas At Dallas,14,3563247,48382,15.086183046431776,10.7869037913362,US,95,High (1M-5M)
The University of Texas at El Paso,University Of Texas At El Paso; University Of Texas El Paso,11,1394646,33504,14.148151894620929,10.41944996040727,US,95,High (1M-5M)
The University of Texas at San Antonio Health Science Center,University Of Texas At San Antonio,48,9408327,71085,16.05710581245839,11.17164569063632,US,90,Elite (5M+)
The University of Texas at Tyler,University Of Texas At Tyler,6,123679,5966,11.725452863821248,8.693999567522082,US,95,Medium (100K-1M)
The University of Tokyo,University Of Tokyo,5,46398688,506220,17.652781762486978,13.13472861181148,JP,95,Elite (5M+)
The University of Western Australia,University Of Western Australia,14,13208110,157271,16.396341668544366,11.965732069387442,AU,95,Elite (5M+)
Thomas College,Thomas College,6,36857,1540,10.514827970391982,7.340186835320115,US,100,Low (<100K)
Tiffin University,Tiffin University,3,3026,252,8.01532730902172,5.53338948872752,US,100,Low (<100K)
Tilburg University,Tilburg University,4,2077037,48717,14.546453398309568,10.793803850638048,NL,100,High (1M-5M)
Toronto Metropolitan University,Rogers Cybersecure Catalyst At Toronto Metropolitan University,3,1486395,55528,14.211864955972429,10.924660685789693,CA,90,High (1M-5M)
Torrens University Australia,Australia University; Torrens University,7,109095,4055,11.59998350753767,8.30795254527102,AU,90,Medium (100K-1M)
Tougaloo College,Tougaloo College,5,20747,448,9.940205135471292,6.107022887742255,US,100,Low (<100K)
Towson University,Towson University,6,348339,13695,12.760934293285777,9.524859098381524,US,100,Medium (100K-1M)
Tribhuvan University,Tribhuvan University,3,515150,31370,13.15221534055351,10.3536391782667,NP,100,Medium (100K-1M)
Trinity College Dublin,Trinity College; Trinity College Dublin,20,7798620,95555,15.86945748115797,11.467467742045445,IE,95,Elite (5M+)
Troy University,Troy University,7,95996,3923,11.472072219961682,8.274866820685254,US,100,Low (<100K)
Tsinghua University,Tsinghua University,19,33039328,373899,17.31320919769412,12.831743660965206,CN,100,Elite (5M+)
Tufts University,Fletcher School At Tufts University; Fletcher School Of Tufts University; Tufts University; Tufts University Fletcher School,61,12783244,117059,16.36364588704644,11.670441902845212,US,90,Elite (5M+)
Tulane University,Tulane University,17,7464847,84196,15.82571562706025,11.340914570141992,US,100,Elite (5M+)
Turtle Mountain Community College,Turtle Mountain Community College,8,1976,87,7.589335823170617,4.477336814478207,US,100,Low (<100K)
Tuskegee University,Tuskegee University,9,205467,5302,12.2330455830316,8.57602797713713,US,100,Medium (100K-1M)
United States Army War College,United States Army War College,3,13870,1137,9.53755560876329,7.037027614686276,US,100,Low (<100K)
United States International University Africa,United States International University,6,11067,1078,9.311813340906816,6.983789965258135,KE,95,Low (<100K)
United Tribes Technical College,United Tribes Technical College,3,1614,87,7.387090235656757,4.477336814478207,US,100,Low (<100K)
University College Cork,University College Cork,10,4533750,62399,15.327060190147188,11.04132055435752,IE,100,High (1M-5M)
University College Dublin,University College Dublin,12,6836943,105656,15.73785140613546,11.567953277356672,IE,100,Elite (5M+)
University College London,University College; University College London; University College Of London,53,65134453,579590,17.99196421448866,13.270077961357794,GB,95,Elite (5M+)
University College of Applied Science,College Of Applied Science,4,14162,1031,9.558388209214396,6.939253946041508,PS,95,Low (<100K)
University System of Georgia,University System Of Georgia,21,22495,500,10.021092794610391,6.2166061010848646,US,100,Low (<100K)
University System of Maryland,University Of Maryland; University Of Maryland Medical System; University System Of Maryland,72,64603,1291,11.076031607358404,7.163946684342547,US,95,Low (<100K)
"University at Albany, State University of New York",University At Albany,15,4099599,53526,15.226399965939544,10.887941478476757,US,90,High (1M-5M)
"University at Buffalo, State University of New York",University At Buffalo,20,11326826,140997,16.242684540825284,11.856500984862542,US,90,Elite (5M+)
University of Aberdeen,University Of Aberdeen,5,7239269,96449,15.79503093054906,11.476780018333876,GB,100,Elite (5M+)
University of Abuja,University Of Abuja,5,73395,8713,11.203624717204844,9.072686206677387,NG,100,Low (<100K)
University of Akron,University Of Akron,9,1952380,34833,14.484560211335404,10.45834920029173,US,100,High (1M-5M)
University of Alabama System,University Of Alabama; University Of Alabama System,48,19715,527,9.889185767825268,6.269096283706261,US,95,Low (<100K)
University of Alabama at Birmingham,University Of Alabama At Birmingham,15,15919293,155818,16.583042390663497,11.956450356202852,US,100,Elite (5M+)
University of Alaska Fairbanks,University Of Alaska; University Of Alaska Fairbanks,7,2122415,32495,14.568065620412758,10.388872283820168,US,90,High (1M-5M)
University of Alberta,University Of Alberta,14,20884138,264202,16.854500529303493,12.48447302603996,CA,100,Elite (5M+)
University of Amsterdam,University Of Amsterdam,9,25243752,234813,17.04408927713515,12.366548990371513,NL,100,Elite (5M+)
University of Antwerp,University Antwerp,3,9255372,95032,16.040714805716778,11.461979478685288,BE,95,Elite (5M+)
University of Applied Sciences Leiden,University Of Applied Science Berlin,3,313457,6465,12.655420658788293,8.774312958285378,NL,90,Medium (100K-1M)
University of Arizona,University Of Arizona,32,22780140,259447,16.94139970560419,12.466311576151798,US,100,Elite (5M+)
University of Arkansas at Little Rock,University Of Arkansas At Little Rock,27,516643,11776,13.155109328297218,9.373903755841548,US,100,Medium (100K-1M)
University of Arkansas at Pine Bluff,University Of Arkansas At Pine Bluff,5,61410,1646,11.025344251183697,7.40671073017764,US,100,Low (<100K)
University of Auckland,University Of Auckland; Zealand University Of Auckland,20,9838696,141682,16.10183384156112,11.861347446710235,NZ,95,Elite (5M+)
University of Baltimore,University Of Baltimore,4,2038840,29610,14.527892067114372,10.295901192899562,US,100,High (1M-5M)
University of Basel,University Basel,4,10511123,109310,16.16794468290078,11.60195230953988,CH,95,Elite (5M+)
University of Bath,University Of Bath,6,4487664,75252,15.316843079904944,11.228611048926084,GB,100,High (1M-5M)
University of Benin,University Of Benin,4,246400,15443,12.414715569074824,9.644975857384129,NG,100,Medium (100K-1M)
University of Birmingham,Birmingham University; University Of Birmingham,30,22614381,216764,16.934096633525336,12.28656909640054,GB,95,Elite (5M+)
University of Bologna,University Of Bologna,4,18401269,220195,16.727930241936456,12.302273337801456,IT,100,Elite (5M+)
University of Bonn,University Bonn; University Of Bonn,9,17388008,166738,16.671291388689028,12.02418499458546,DE,95,Elite (5M+)
University of Bradford,University Of Bradford,7,1426889,35134,14.171007808694515,10.466953063626296,GB,100,High (1M-5M)
University of Bremen,University Bremen; University Of Bremen,7,3560678,75882,15.085461814978574,11.236947959377066,DE,95,High (1M-5M)
University of Bristol,University Of Bristol,18,21454035,214034,16.881423344146867,12.273894832032786,GB,100,Elite (5M+)
University of British Columbia,University Of British Columbia; University Of Columbia,23,32169237,373659,17.28652121227008,12.831101572013829,CA,95,Elite (5M+)
University of Bucharest,University Bucharest; University Of Bucharest,15,931740,38283,13.744810158051497,10.552787333315797,RO,95,Medium (100K-1M)
University of Buckingham,University Of Buckingham,5,80641,4057,11.297774884584944,8.30844552038576,GB,100,Low (<100K)
University of Cagliari,University Of Cagliari,3,3430323,52413,15.048165275322395,10.866929010196616,IT,100,High (1M-5M)
University of Calabria,University Of Calabria,3,3292408,41972,15.007130073645108,10.644781833401396,IT,100,High (1M-5M)
University of Calgary,University Of Calgary,44,14408531,197284,16.483331089087407,12.192404662764751,CA,100,Elite (5M+)
University of California San Diego,University Of California At San Diego; University Of California San Diego; University Of California San Diego Health; University Of San Diego,68,50310207,354367,17.73371855682588,12.778091200182638,US,95,Elite (5M+)
"University of California, Berkeley",University Of California; University Of California At Berkeley; University Of California Berkeley,111,55909022,448662,17.83923633833754,13.01402732812275,US,95,Elite (5M+)
"University of California, Irvine",University Of California At Irvine; University Of California Irvine,6,20059893,191882,16.814233056336544,12.16464109026551,US,97,Elite (5M+)
"University of California, Los Angeles",University Of California At Los Angeles,4,51525274,413879,17.7575830219415,12.933331355718886,US,97,Elite (5M+)
"University of California, Riverside",University Of California At Riverside; University Of California Riverside,6,10629892,103950,16.179180684416107,11.551674913249506,US,97,Elite (5M+)
"University of California, San Francisco",University Of California At San Francisco; University Of California San Francisco; University Of San Francisco,48,48927047,297258,17.70584093036009,12.602359091638828,US,95,Elite (5M+)
"University of California, Santa Cruz",University Of California Santa Cruz,4,11998136,76447,16.300261945699745,11.244366050125535,US,99,Elite (5M+)
University of Cambridge,University Of Cambridge,63,53250376,446465,17.790515442340954,13.009118528582947,GB,100,Elite (5M+)
University of Canberra,University Of Canberra,14,1188013,35748,13.987793563347076,10.484277575702958,AU,100,High (1M-5M)
University of Canterbury,University Of Canterbury,3,2554447,52762,14.753346711311702,10.87356546647324,NZ,100,High (1M-5M)
University of Cape Coast,University Of Cape Coast,7,337056,16917,12.728007334497908,9.73613342286396,GH,100,Medium (100K-1M)
University of Cape Town,University Of Cape Town,14,7490008,323564,15.829080557094816,12.687155300096927,ZA,100,Elite (5M+)
University of Catania,University Of Catania,9,4811734,76585,15.386568283903571,11.246169571400625,IT,100,High (1M-5M)
University of Central Arkansas,University Of Central Arkansas,4,117732,4594,11.676174627782746,8.432724034789787,US,100,Medium (100K-1M)
University of Central Florida,University Of Central Florida,37,4525127,86886,15.325156422008904,11.372363702824495,US,100,High (1M-5M)
University of Central Missouri,University Of Central Missouri,4,56104,5039,10.934980214098967,8.525161361065415,US,100,Low (<100K)
University of Charleston,University Of Charleston,5,99399,3310,11.506907392644663,8.105005537547246,US,100,Low (<100K)
University of Chicago,University Of Chicago; University Of Chicago Cyber Policy Initiative; University Of Chicago Medicine,77,34349704,306524,17.35210398853171,12.633054597100587,US,90,Elite (5M+)
University of Chile,University Of Chile,4,4684280,113084,15.35972299336062,11.635895027313913,CL,100,High (1M-5M)
University of Cincinnati,University Of Cincinnati; University Of Cincinnati School Of Information Technology,25,9902267,129351,16.108274379776596,11.77029264941965,US,90,Elite (5M+)
University of Colorado Boulder,University Of Colorado; University Of Colorado At Boulder; University Of Colorado Boulder; University Of Colorado Colorado,54,18572338,166563,16.737183881239876,12.023134898930268,US,95,Elite (5M+)
University of Colorado Denver,University Of Colorado Denver,5,14569871,144679,16.49446639295778,11.882279686066036,US,100,Elite (5M+)
University of Connecticut,University Of Connecticut,18,8296436,117571,15.931336703492596,11.674806190859398,US,100,Elite (5M+)
University of Copenhagen,University Of Copenhagen,4,26947449,286379,17.10939923117651,12.565074879227998,DK,100,Elite (5M+)
University of Craiova,University Craiova,3,165502,13972,12.016744600523182,9.544882175080447,RO,95,Medium (100K-1M)
University of Cyprus,University Of Cyprus,10,1766736,30324,14.384644900382543,10.31972773381225,CY,100,High (1M-5M)
University of Dayton,University Of Dayton,11,748001,22912,13.52516093074983,10.039459714059342,US,100,Medium (100K-1M)
University of Defence,University Defence,3,146416,5728,11.894213993986495,8.653296274408579,CZ,95,Medium (100K-1M)
University of Delaware,University Of Delaware,37,7062554,96326,15.770317442017127,11.475503932320596,US,100,Elite (5M+)
University of Delhi,University Of Delhi,3,3693543,81059,15.122096988699791,11.3029449001823,IN,100,High (1M-5M)
University of Denver,University Of Denver,19,1477755,30974,14.20603527890507,10.340935706497342,US,100,High (1M-5M)
University of Detroit Mercy,University Of Detroit Mercy,4,136002,6019,11.820432223298424,8.702842538302868,US,100,Medium (100K-1M)
University of Doha for Science and Technology,University Of Doha,6,5603,396,8.631235907456897,5.983936280687191,QA,90,Low (<100K)
University of Dubai,University Of Dubai,6,51252,3541,10.844529431872822,8.17244681834278,AE,100,Low (<100K)
University of Duisburg-Essen,University Duisburg; University Of Duisburg,10,5137244,85172,15.452027501518272,11.352439761185094,DE,95,Elite (5M+)
University of Dundee,Dundee University,3,6549410,62742,15.694885679903935,11.046802296986584,GB,95,Elite (5M+)
University of East Anglia,University Of East Anglia,9,5373115,72082,15.496918558906534,11.185573511837868,GB,100,Elite (5M+)
University of East London,University Of East London,4,368858,12760,12.818169736177436,9.454148923733976,GB,100,Medium (100K-1M)
University of Edinburgh,University Of Edinburgh,20,25924850,280334,17.07071256471523,12.543740595572512,GB,100,Elite (5M+)
University of Electro-Communications,University Communications,4,867170,30467,13.672991468148949,10.32443223149268,JP,95,Medium (100K-1M)
University of Electronic Science and Technology of China,University Of Electronic Science,4,7515169,143118,15.83243420233717,11.871431731014535,CN,90,Elite (5M+)
University of Essex,University Of Essex,5,2081881,49602,14.548782850278076,10.811806594754913,GB,100,High (1M-5M)
University of Exeter,University Of Exeter,7,7395267,116702,15.816350894173535,11.667387524885104,GB,100,Elite (5M+)
University of Florence,University Of Florence,7,10591124,142902,16.175526944229958,11.869921357399484,IT,100,Elite (5M+)
University of Florida,University Of Florida,45,30411866,359928,17.230343452047194,12.793662068759213,US,100,Elite (5M+)
University of Florida Health,University Of Florida Health,6,1087732,15543,13.89960627186967,9.651429991057276,US,100,High (1M-5M)
University of Geneva,University Of Geneva,10,15591422,131504,16.562231513327784,11.786800152690796,CH,100,Elite (5M+)
University of Genoa,University Of Genoa,15,7528648,100631,15.83422616800851,11.519225577518707,IT,100,Elite (5M+)
University of Georgia,University Of Georgia,29,11835627,141386,16.286624862471314,11.859256090452869,US,100,Elite (5M+)
University of Ghana,University Of Ghana,11,1123716,39273,13.9321524983746,10.578318001310176,GH,100,High (1M-5M)
University of Glasgow,University Of Glasgow,13,22934500,192699,16.948152928636976,12.168889854402458,GB,100,Elite (5M+)
University of Gloucestershire,University Of Gloucestershire,13,182576,5831,12.114927280830612,8.671115273688494,GB,100,Medium (100K-1M)
University of Greenwich,University Of Greenwich,6,777323,21292,13.563612530851264,9.9661336591864,GB,100,Medium (100K-1M)
University of Groningen,University Groningen,4,20216965,181365,16.82203271084207,12.10827236800426,NL,95,Elite (5M+)
University of Guam,University Of Guam,3,106512,4060,11.5760223224099,8.309184527686298,GU,100,Medium (100K-1M)
University of Guelph,University Of Guelph,22,6185657,94495,15.637743944568848,11.45631278454365,CA,100,Elite (5M+)
University of Haifa,Haifa University; University Of Haifa,14,1966798,49460,14.491917906079689,10.808939759229288,IL,95,High (1M-5M)
University of Hawaii Maui College,University Of Hawai; University Of Hawaii Maui College,23,9006,362,9.105757331783742,5.8944028342648505,US,90,Low (<100K)
University of Hawaii System,University Of Hawaii,22,5910062,61639,15.592167049223942,11.029066289434052,US,95,Elite (5M+)
University of Helsinki,University Of Helsinki,4,21600270,220233,16.888216418871984,12.302445896437764,FI,100,Elite (5M+)
University of Hertfordshire,University Of Hertfordshire,7,1647342,33014,14.314674244914974,10.404717282628672,GB,100,High (1M-5M)
University of Hong Kong,University Of Hong Kong,11,21875735,228922,16.900888635356235,12.34114098145202,HK,100,Elite (5M+)
University of Houston,University Of Houston,30,6579624,104201,15.699488310796,11.55408660197517,US,100,Elite (5M+)
University of Hull,University Of Hull,4,2133301,46890,14.573181572053928,10.755581038365076,GB,100,High (1M-5M)
University of Ibadan,University Of Ibadan,11,1435267,51327,14.17686214932034,10.845991691226187,NG,100,High (1M-5M)
University of Idaho,University Of Idaho,39,2130448,46264,14.571843313592872,10.742141014683131,US,100,High (1M-5M)
University of Illinois Chicago,University Of Illinois; University Of Illinois At Chicago; University Of Illinois Chicago,50,17469178,197933,16.675948686157636,12.195688920775437,US,95,Elite (5M+)
University of Illinois Urbana-Champaign,University Of Illinois At Urbana-Champaign; University Of Illinois Urbana-Champaign,31,32222247,331081,17.288167703608256,12.71012135781714,US,96,Elite (5M+)
University of Ilorin,University Of Ilorin; University Of Lorraine,24,384194,21777,12.85890551517673,9.988655564906006,NG,90,Medium (100K-1M)
University of Indonesia,University Indonesia; University Of Indonesia,13,1389368,91908,14.144360245202744,11.428554236084064,ID,95,High (1M-5M)
University of Iowa,University Of Iowa,16,18806793,192221,16.7497287454958,12.16640623306771,US,100,Elite (5M+)
University of Johannesburg,University Of Johannesburg,22,1901864,110766,14.45834554165044,11.615184174998967,ZA,100,High (1M-5M)
University of Kansas,Kansas University; University Of Arkansas; University Of Kansas; University Of Kansas School Of Engineering,68,7805301,115489,15.870313804328529,11.656939225109133,US,90,Elite (5M+)
University of Kashmir,University Of Kashmir,3,506727,14087,13.13572964945965,9.553078650176042,IN,100,Medium (100K-1M)
University of Kent,University Of Kent; University Of Kentucky Information Technology Services,30,2099036,54737,14.556989226089048,10.910313445573529,GB,90,High (1M-5M)
University of Kentucky,University Of Kentucky,26,10848172,162523,16.19950723667527,11.998580962154186,US,100,Elite (5M+)
University of KwaZulu-Natal,University Of Kwazulu,6,3856170,81955,15.165185280202326,11.313937796867087,ZA,95,High (1M-5M)
University of Lagos,University Of Lagos,11,498918,27572,13.120199036908286,10.22459231202622,NG,100,Medium (100K-1M)
University of Lancashire,University Of Central Lancashire,11,848701,19181,13.651463402500296,9.861727618287896,GB,95,Medium (100K-1M)
University of Latvia,Latvia University; University Of Latvia; University Of Latvia Institute Of Mathematics,11,589665,24145,13.287311553890923,10.091874013892332,LV,90,Medium (100K-1M)
University of Lausanne,University Of Lausanne,13,9746357,104590,16.09240423472962,11.55781278484612,CH,100,Elite (5M+)
University of Leeds,University Of Leeds,14,13752848,194791,16.436756560613897,12.179687601585462,GB,100,Elite (5M+)
University of Leicester,University Of Leicester,4,8263407,106556,15.927347651204013,11.576435332224756,GB,100,Elite (5M+)
University of Lethbridge,University Of Lethbridge,4,786570,16790,13.575438270769077,9.72859830755947,CA,100,Medium (100K-1M)
University of Liberal Arts Bangladesh,University Of Liberal Arts Bangladesh,3,16285,1341,9.698061122027076,7.201916317531627,BD,100,Low (<100K)
University of Limerick,University Of Limerick,22,1507290,37365,14.225824557839376,10.528516479019784,IE,100,High (1M-5M)
University of Liverpool,University Of Liverpool,8,17683906,220601,16.688165574923264,12.30411545194358,GB,100,Elite (5M+)
University of Louisiana at Lafayette,University Of Louisiana,4,476378,15488,13.07396903488717,9.64788537354776,US,90,Medium (100K-1M)
University of Louisville,University Of Louisville,19,5609153,73793,15.539910463988056,11.209032706470463,US,100,Elite (5M+)
University of Luxembourg,University Of Luxembourg; University Of Luxembourg Interdisciplinary Centre For Security,22,1560580,63165,14.260568745786122,11.053521460691105,LU,90,High (1M-5M)
University of Madras,University Of Madras,3,908450,21603,13.719496230306028,9.98063376171278,IN,100,Medium (100K-1M)
University of Maine,University Of Maine,4,1815512,33739,14.41187863037272,10.42643935609996,US,100,High (1M-5M)
University of Maine at Augusta,University Of Maine At Augusta,9,9295,567,9.137339479091692,6.342121418721152,US,100,Low (<100K)
University of Maine at Presque Isle,University Of Maine At Presque Isle,3,10130,608,9.223355309053677,6.411818267709897,US,100,Low (<100K)
University of Malta,University Of Malta,10,559355,30374,13.234541400953937,10.32137518064285,MT,100,Medium (100K-1M)
University of Manchester,England University Of Manchester; University Of Manchester,44,28611202,313136,17.169308912377172,12.65439607344024,GB,95,Elite (5M+)
University of Manitoba,University Of Manitoba,10,7534084,116297,15.834947949357897,11.66391114145433,CA,100,Elite (5M+)
University of Mary Washington,University Of Mary Washington,5,81106,2669,11.303524549572325,7.889833751394295,US,100,Low (<100K)
University of Maryland Eastern Shore,University Of Maryland Eastern Shore,3,87440,3365,11.378719559198563,8.121480374750751,US,100,Low (<100K)
University of Maryland Global Campus,University Of Maryland Global Campus,26,4152,803,8.331586243630754,6.689599269178967,US,100,Low (<100K)
"University of Maryland, Baltimore",University Of Maryland At Baltimore; University Of Maryland Baltimore,8,16277886,129298,16.605318118960277,11.769882830777991,US,97,Elite (5M+)
"University of Maryland, College Park",University Of Maryland College Park; University Of Maryland University College,9,24038645,241034,16.995173343249753,12.392697430143963,US,95,Elite (5M+)
University of Massachusetts Amherst,University Of Massachusetts; University Of Massachusetts Amherst,27,11073433,124720,16.22005946434908,11.733834521659745,US,95,Elite (5M+)
University of Massachusetts Dartmouth,University Of Massachusetts Dartmouth,3,461296,11562,13.041797366164696,9.355565624128962,US,100,Medium (100K-1M)
University of Massachusetts Lowell,University Of Massachusetts Lowell,6,1210444,26061,14.006498618557671,10.168233593704851,US,100,High (1M-5M)
University of Memphis,University Of Memphis,11,1894083,38400,14.454245902325484,10.555838779903407,US,100,High (1M-5M)
University of Miami,University Of Miami,17,13975669,169433,16.45282851861114,12.040218749443383,US,100,Elite (5M+)
University of Michigan,Michigan University; University Of Michigan; University Of Michigan Health; University Of Michigan National Poll On Healthy; University Of Michigan Professor Of Computer Science; University Of Michigan School Of Information,101,65924778,980613,18.004024937903733,13.795934185070635,US,90,Elite (5M+)
University of Milan,University Of Milan; University State Of Milan,10,18326889,374111,16.723879938208558,12.832310496806546,IT,95,Elite (5M+)
University of Minnesota,University Of Minnesota; University Of Minnesota Center; University Of Minnesota Food Protection; University Of Minnesota Technological Leadership Institute,54,36469734,334875,17.411993296512232,12.721515593031327,US,90,Elite (5M+)
University of Mississippi,University Of Mississippi,4,3001021,62011,14.914463455285336,11.035083193686251,US,100,High (1M-5M)
University of Missouri,Missouri University Of Science; University Of Missouri; University Of Missouri Health Care,35,8932826,133102,16.005243476102176,11.79887854357322,US,90,Elite (5M+)
University of Modena and Reggio Emilia,University Of Modena,7,4487389,63458,15.316781798943415,11.05814930705526,IT,90,High (1M-5M)
University of Molise,University Of Molise,6,592204,12821,13.291608137707534,9.458917724547202,IT,100,Medium (100K-1M)
University of Montana,University Of Montana,11,2907472,39157,14.882794877003375,10.575360022817218,US,100,High (1M-5M)
University of Mpumalanga,University Of Mpumalanga,3,26010,2052,10.16627480445489,7.627057417018934,ZA,100,Low (<100K)
University of Mumbai,University Of Mumbai,4,577339,18291,13.266186626713848,9.814219084777946,IN,100,Medium (100K-1M)
University of Nairobi,University Of Nairobi,7,913757,33084,13.725321045137758,10.40683528644616,KE,100,Medium (100K-1M)
University of Nebraska at Kearney,University Of Nebraska At Kearney,3,142663,5338,11.86824749413235,8.582793648500186,US,100,Medium (100K-1M)
University of Nebraska at Omaha,University Of Nebraska At Omaha,9,737296,22212,13.510746075069424,10.008432982057622,US,100,Medium (100K-1M)
University of Nebraska–Lincoln,University Of Nebraska,36,8239117,108318,15.924403857321638,11.592835856198022,US,95,Elite (5M+)
"University of Nevada, Reno",University Of Nevada,25,3070483,52150,14.937345761860309,10.86189863570049,US,95,High (1M-5M)
University of New Brunswick,University Of New Brunswick,20,1890095,38301,14.452138179396664,10.553257393126504,CA,100,High (1M-5M)
University of New England,England University; University Of New England,11,1341808,25419,14.10952926149639,10.143291544743445,AU,95,High (1M-5M)
University of New Hampshire,University Of New Hampshire,7,2828984,37900,14.855428548042712,10.542732775946709,US,100,High (1M-5M)
University of New Haven,University Of New Haven,25,488764,9825,13.099637080347852,9.192787212728591,US,100,Medium (100K-1M)
University of New Mexico,University Of New Mexico,10,8423193,99980,15.946499649206077,11.512735446917942,US,100,Elite (5M+)
University of New Orleans,University Of New Orleans,6,1145459,20721,13.95131686101676,9.938951216811695,US,100,High (1M-5M)
University of Nicosia,University Of Corsica; University Of Nicosia,12,213677,10079,12.2722254879497,9.21830854162536,CY,90,Medium (100K-1M)
University of Nigeria,University Of Nigeria,5,738218,37389,13.51199580752912,10.52915856797116,NG,100,Medium (100K-1M)
University of North Carolina Wilmington,University Of North Carolina Wilmington,6,511007,13921,13.144140524640594,9.541225601728613,US,100,Medium (100K-1M)
University of North Carolina at Chapel Hill,University Of North Carolina At Chapel Hill,23,34624548,353152,17.36007349711619,12.774656669774794,US,100,Elite (5M+)
University of North Carolina at Charlotte,University Of North Carolina; University Of North Carolina At Charlotte; University Of North Carolina Charlotte,36,1787457,41762,14.396305056770755,10.639766059056678,US,95,High (1M-5M)
University of North Carolina at Pembroke,University Of North Carolina At Pembroke,3,113712,5393,11.641433009174625,8.593042503699674,US,100,Medium (100K-1M)
University of North Dakota,University Of North Dakota,6,1203473,25076,14.0007229323159,10.129706370367266,US,100,High (1M-5M)
University of North Florida,University Of North Florida,10,285358,11811,12.561503315681245,9.376871242863814,US,100,Medium (100K-1M)
University of North Georgia,University Of North Georgia,37,32249,2612,10.38127332222392,7.868254265520613,US,100,Low (<100K)
University of North Texas,University Of North Texas; University Of Texas,70,3087555,61550,14.942890397405709,11.027621378434317,US,95,High (1M-5M)
University of Northampton,University Of Northampton,4,165711,6868,12.01800662082866,8.834773814213882,GB,100,Medium (100K-1M)
University of Notre Dame,University Of Notre Dame,29,8248356,98967,15.925524586962416,11.502551844542667,US,100,Elite (5M+)
University of Nottingham,University Of Nottingham,15,13551953,187031,16.422041301535273,12.139035004191507,GB,100,Elite (5M+)
University of Oklahoma,University Of Oklahoma,18,6476066,89656,15.68362393961867,11.403746557412855,US,100,Elite (5M+)
University of Oregon,University Of Oregon,18,7279977,57378,15.80063839819028,10.957433661708343,US,100,Elite (5M+)
University of Oslo,University Of Oslo,7,15595514,188756,16.56249393088372,12.148215752516316,NO,100,Elite (5M+)
University of Otago,University Of Otago,6,6474655,91528,15.683406036725437,11.424411140939483,NZ,100,Elite (5M+)
University of Ottawa,University Of Ottawa,28,12116752,165172,16.310099598422248,12.014748688454867,CA,100,Elite (5M+)
University of Oulu,University Of Oulu,4,5808062,75599,15.574757682535378,11.233211562167623,FI,100,Elite (5M+)
University of Oxford,Oxford University; University Of Oxford; University Oxford,155,62747514,590904,17.95462953359838,13.289410538966608,GB,95,Elite (5M+)
University of Padua,University Of Padova,6,19602081,211177,16.79114634304912,12.260456658721854,IT,92,Elite (5M+)
University of Palermo,University Of Palermo,5,4900488,78670,15.40484555401994,11.273029878568291,IT,100,High (1M-5M)
University of Pennsylvania,University Of Pennsylvania,43,54486122,379869,17.813456603358105,12.847584367908055,US,100,Elite (5M+)
University of Perugia,University Of Perugia,4,6681422,67482,15.714841546778544,11.119630993288766,IT,100,Elite (5M+)
University of Phoenix,University Of Phoenix,19,152629,6874,11.935771970909167,8.835646922534773,US,100,Medium (100K-1M)
University of Piraeus,University Of Piraeus,6,332444,12136,12.714229711861885,9.40401391710636,GR,100,Medium (100K-1M)
University of Pisa,University Of Paris; University Of Pisa; University Pisa,18,12504797,135170,16.3416229686248,11.8142959225418,IT,92,Elite (5M+)
University of Pittsburgh,University Of Pittsburgh; University Of Pittsburgh Institute For Cyber Law,37,33725966,295991,17.333778632738206,12.598087705913931,US,90,Elite (5M+)
University of Plymouth,University Of Plymouth,20,2146386,37693,14.57929652142221,10.537256209576572,GB,100,High (1M-5M)
University of Portsmouth,Portsmouth University; University Of Portsmouth,25,2276391,38020,14.638102291384072,10.545893917642871,GB,95,High (1M-5M)
University of Potsdam,University Potsdam,14,2910296,61273,14.883765695795388,11.023110888393704,DE,95,High (1M-5M)
University of Pretoria,University Of Pretoria,6,3146032,95918,14.961652852055837,11.471259364292589,ZA,100,High (1M-5M)
University of Professional Studies,University Of Professional,3,29519,2572,10.292823278714408,7.852827812281744,GH,95,Low (<100K)
University of Puerto Rico System,University Of Puerto Rico,4,996669,18046,13.812175001174772,9.800734744961298,PR,95,Medium (100K-1M)
University of Reading,Reading University; University Of Reading,14,5309079,88763,15.484929120203454,11.393736441375868,GB,95,Elite (5M+)
University of Regina,University Of Regina,7,1182682,24591,13.983296144245651,10.110176465778377,CA,100,High (1M-5M)
University of Rhode Island,University Of Rhode Island,17,2446936,41864,14.71034759628218,10.642205434638532,US,100,High (1M-5M)
University of Richmond,University Of Richmond,3,477445,17862,13.076206343502642,9.790486813448885,US,100,Medium (100K-1M)
University of Rochester,University Of Rochester,12,15780982,146464,16.574316165484902,11.894541771046404,US,100,Elite (5M+)
University of Salerno,University Of Salerno,13,3509244,56210,15.070911472589689,10.936867746266625,IT,100,High (1M-5M)
University of Salford,University Of Salford,6,1454735,39735,14.190334998825934,10.590012856787189,GB,100,High (1M-5M)
University of Santo Tomas,University Of Santo Tomas,6,132753,6483,11.796253070476974,8.777092882855566,PH,100,Medium (100K-1M)
University of Saskatchewan,University Of Saskatchewan,9,5459543,95187,15.512875827749877,11.463609162414269,CA,100,Elite (5M+)
University of Scranton,University Of Scranton,7,127796,4568,11.758198346471644,8.427049641563272,US,100,Medium (100K-1M)
University of Sheffield,University Of Sheffield,9,15769904,190072,16.573613934824692,12.155163487878974,GB,100,Elite (5M+)
University of Siena,University Of Siena,3,4777698,60479,15.37946960781359,11.010068010853416,IT,100,High (1M-5M)
University of South Alabama,University Of South Alabama,8,1408949,21858,14.15835530409077,9.992368015030005,US,100,High (1M-5M)
University of South Australia,University Of South Australia,10,3665306,59107,15.114422655142654,10.987121558023524,AU,100,High (1M-5M)
University of South Carolina,University Of South Carolina,27,7212300,102493,15.791298598429986,11.5375595392619,US,100,Elite (5M+)
University of South Carolina Aiken,University Of South Carolina Aiken,7,70267,1893,11.160071782133274,7.546446273746024,US,100,Low (<100K)
University of South Carolina Beaufort,University Of South Carolina Beaufort,4,113644,1773,11.64083483359226,7.480992162869525,US,100,Medium (100K-1M)
University of South Florida,University Of South Florida; University Of South Florida Cyber Florida,50,7989635,130364,15.893655759758524,11.778093487539673,US,90,Elite (5M+)
University of South Wales,University Of New South Wales; University Of South Wales,60,491244,14542,13.104698263996765,9.58486505717771,GB,95,Medium (100K-1M)
University of Southampton,University Of Southampton,11,12951912,184494,16.376754057207723,12.125377641824498,GB,100,Elite (5M+)
University of Southern California,University Of Southern California; University Of Southern California Election Cybersecurity Initiative,45,27717953,273387,17.13759092003811,12.518647310574991,US,90,Elite (5M+)
University of Southern Maine,University Of Southern Maine,7,156153,4954,11.958597978777624,8.508152446764088,US,100,Medium (100K-1M)
University of Southern Mississippi,University Of Southern Mississippi,13,933497,21080,13.746694099487062,9.956127439860309,US,100,Medium (100K-1M)
University of St Andrews,University Of St Andrews,3,4755063,79024,15.374720713387347,11.27751953708382,GB,100,High (1M-5M)
University of Strathclyde,Strathclyde University; University Of St; University Of Strathclyde,30,4462874,87368,15.311303735152851,11.377895807650354,GB,90,High (1M-5M)
University of Stuttgart,University Of Stuttgart,3,5269934,157877,15.477528586475636,11.969577861847544,DE,100,Elite (5M+)
University of Sunderland,University Of Sunderland,6,242833,8411,12.400133361312712,9.03741453682259,GB,100,Medium (100K-1M)
University of Surrey,England University Of Surrey; Surrey University; University Of Surrey; University Of Surrey Woodward,101,4132517,81438,15.234397464384708,11.307609552730574,GB,95,High (1M-5M)
University of Sussex,University Of Sussex,11,6426001,83502,15.675863129893498,11.33263783833726,GB,100,Elite (5M+)
University of Swabi,University Of Swabi,3,111002,4230,11.617312506956274,8.350193650720067,PK,100,Medium (100K-1M)
University of Tampa,University Of Tampa,11,203584,9653,12.223838887074118,9.175127616220438,US,100,Medium (100K-1M)
University of Tartu,University Of Tartu,11,4426315,49096,15.30307819333916,10.80155321211961,EE,100,High (1M-5M)
University of Tasmania,University Of Tasmania,10,4319527,75274,15.278656694991806,11.228903353349937,AU,100,High (1M-5M)
University of Technology Sydney,University Of Technology Sydney,20,5316829,98294,15.486387819058272,11.495728440141708,AU,100,Elite (5M+)
University of Tehran,University Of Tehran,8,4561620,123334,15.33318860077779,11.722659509374504,IR,100,High (1M-5M)
University of Tennessee at Chattanooga,University Of Tennessee At Chattanooga,5,328910,13264,12.703542476433936,9.49288426657184,US,100,Medium (100K-1M)
University of Tennessee at Knoxville,University Of Tennessee; University Of Tennessee At Knoxville,19,10507735,147274,16.167622305756698,11.900056866389887,US,90,Elite (5M+)
University of Toledo,University Of Toledo,6,2317656,45796,14.65606731954285,10.731973865773508,US,100,High (1M-5M)
University of Toronto,Citizen Lab At University Of Toronto; University Of Toronto; University Of Toronto Citizenlab; University Of Toronto On,79,58141202,552156,17.87838514431541,13.221587705109304,CA,90,Elite (5M+)
University of Trento,University Of Trento,3,4035756,61554,15.210704450516197,11.027686363081717,IT,100,High (1M-5M)
University of Trinidad and Tobago,University Of Trinidad,3,37807,2566,10.540275999426688,7.85049318087114,TT,90,Low (<100K)
University of Tulsa,University Of Tulsa; University Of Tulsa School Of Cyber,35,691989,18698,13.44732678362834,9.83622532547696,US,90,Medium (100K-1M)
University of Turin,University Of Turin,8,11650994,143302,16.270902142054272,11.872716548698314,IT,100,Elite (5M+)
University of Turku,University Of Turku,3,6480013,91883,15.68423322881995,11.428282190901124,FI,100,Elite (5M+)
University of Twente,University Of Twente; University Twente,18,5875100,89085,15.586233809336086,11.397357474289397,NL,95,Elite (5M+)
University of Udine,University Of Udine,13,3767488,40522,15.141919289770495,10.609624993134318,IT,100,High (1M-5M)
University of Ulster,Ulster University,23,3532629,61605,15.077553193996016,11.02851454737569,GB,95,High (1M-5M)
University of Utah,University Of Utah; University Of Utah Health,44,20458432,220543,16.83390572708941,12.303852500447547,US,95,Elite (5M+)
University of Uyo,University Of Uyo,4,134954,11970,11.81269666851933,9.39024233725137,NG,100,Medium (100K-1M)
University of Vermont,University Of Vermont,25,5193692,64524,15.46295556279643,11.074808024586815,US,100,Elite (5M+)
University of Victoria,University Of Victoria,6,5833191,75301,15.579074921360688,11.229261973860227,CA,100,Elite (5M+)
University of Vienna,University Vienna,7,10340739,167313,16.15160199121492,12.02762756548214,AT,95,Elite (5M+)
University of Virginia,University Of Virginia; University Of Virginia School Of Engineering,47,17431009,202774,16.67376136188739,12.219852268938546,US,90,Elite (5M+)
University of Waikato,University Of Waikato,12,1396161,30709,14.149237601416928,10.332343613434867,NZ,100,High (1M-5M)
University of Wales,University Of Naples; Wales University,9,3582542,49182,15.091583441403776,10.803303314316404,GB,92,High (1M-5M)
University of Warsaw,University Warsaw,3,4388822,108013,15.294571639764213,11.590016127334792,PL,95,High (1M-5M)
University of Warwick,University Of Warwick; Warwick University,19,9043882,139369,16.017599175542667,11.844887546113556,GB,95,Elite (5M+)
University of Washington,University Of Washington; University Of Washington Medicine,65,93970264,520351,18.358488960404223,13.162260784625447,US,95,Elite (5M+)
University of Waterloo,University Of Waterloo,46,9541455,155613,16.071156652324213,11.955133860972044,CA,100,Elite (5M+)
University of West Florida,University Of West Florida; University Of West Florida Center,48,302342,8373,12.61931741345716,9.032886946579088,US,95,Medium (100K-1M)
University of West London,University Of West London,7,164201,6106,12.008852656194252,8.717190933223135,GB,100,Medium (100K-1M)
University of Westminster,University Of Westminster,3,533215,18508,13.18668187433835,9.826012379256715,GB,100,Medium (100K-1M)
University of Windsor,University Of Windsor,22,1419486,38410,14.165806096698947,10.556099155887797,CA,100,High (1M-5M)
University of Winnipeg,University Of Winnipeg,5,421729,13042,12.952120577825571,9.476006870370282,CA,100,Medium (100K-1M)
University of Wisconsin–Madison,University Of Wisconsin; University Of Wisconsin At Madison,55,42984640,373362,17.576353423805195,12.830306415731762,US,95,Elite (5M+)
University of Wollongong,University Of Wollongong,18,5079288,82457,15.44068184912934,11.320044351782906,AU,100,Elite (5M+)
University of Wolverhampton,University Of Wolverhampton,7,569258,15865,13.252090794077684,9.671933733861948,GB,100,Medium (100K-1M)
University of York,University Of York; York University,83,7476533,101640,15.82727987357812,11.529202276031905,GB,95,Elite (5M+)
University of Zimbabwe,University Of Zimbabwe,6,564457,17359,13.243621257678104,9.761923988214342,ZW,100,Medium (100K-1M)
University of Zurich,University Of Zurich; University Zurich,16,20595548,201583,16.8405855424526,12.21396144695041,CH,95,Elite (5M+)
University of the Cumberlands,University Of The Cumberlands,3,40882,3230,10.618469607703592,8.080546965824498,US,100,Low (<100K)
University of the District of Columbia,University Of The District Of Columbia,5,93607,4699,11.446871128898794,8.45531778769815,US,100,Low (<100K)
University of the Highlands and Islands,University Of The Highlands,8,102155,3206,11.534256335672058,8.073091199693154,GB,95,Medium (100K-1M)
University of the South Pacific,University Of The South Pacific,4,201849,6097,12.215280126281089,8.7157161275482,FJ,100,Medium (100K-1M)
University of the Virgin Islands,University Of The Virgin,3,53504,1475,10.8875303864611,7.297091005160418,VI,95,Low (<100K)
University of the West Indies System,University Of The West Indies,7,482387,10798,13.08650404846382,9.28720881623276,JM,95,Medium (100K-1M)
University of the Western Cape,University Of The Western Cape,3,947813,27435,13.761913559455278,10.219611298619212,ZA,100,Medium (100K-1M)
University of the Witwatersrand,University Of The Witwatersrand,9,5173928,102823,15.45914291917551,11.540774067789968,ZA,100,Elite (5M+)
Universität Hamburg,University Hamburg,3,20217269,222096,16.82204774760448,12.310869502362207,DE,94,Elite (5M+)
Utica College,Utica College,11,22140,1479,10.005186372360962,7.299797366758161,US,100,Low (<100K)
Utrecht University,University Utrecht,8,20307822,235355,16.826516739234407,12.368854540449512,NL,95,Elite (5M+)
Valley City State University,Valley City State University,5,3793,336,8.24117615049496,5.820082930352362,US,100,Low (<100K)
Vanderbilt University,University Of Vanderbilt; Vanderbilt University; Vanderbilt University On; Vanderbilt University Owen Graduate School Of Management,42,19490349,172894,16.785430029249643,12.060439752803264,US,90,Elite (5M+)
Victoria University,Victoria University,9,1320387,25400,14.093436190764772,10.142543822310389,AU,100,High (1M-5M)
Victoria University of Wellington,Victoria University Of Wellington,3,1943939,62254,14.48022739932868,11.038994132386511,NZ,100,High (1M-5M)
Vienna University of Economics and Business,University Of Economics,3,604047,18097,13.31140894395804,9.803556713911078,AT,90,Medium (100K-1M)
Villanova University,Villanova University,5,799390,24737,13.591605466752153,10.116095801934955,US,100,Medium (100K-1M)
Vincennes University,Vincennes University,5,9017,2982,9.106977858981027,8.000684784514748,US,100,Low (<100K)
Voorhees College,Voorhees College,3,5792,253,8.664405571096625,5.537334267018537,US,100,Low (<100K)
Walden University,Walden University,6,104248,7415,11.554537547288902,8.91139510724569,US,100,Medium (100K-1M)
Waseda University,Waseda University,6,3425281,87021,15.046694362055485,11.373916239232807,JP,100,High (1M-5M)
Washington College,College Washington,4,117239,4181,11.671978394824828,8.338544879988579,US,95,Medium (100K-1M)
Washington University in St. Louis,Washington University In St,9,40178556,254351,17.508844003316415,12.446474413400653,US,95,Elite (5M+)
Webster University,Webster University,14,107920,2740,11.58915475696176,7.916078096302786,US,100,Medium (100K-1M)
Wellesley College,Wellesley College,3,559043,12330,13.2339834610253,9.41987169587053,US,100,Medium (100K-1M)
West Chester University,Chester University,7,220972,7624,12.30579580109059,8.939187601475613,US,95,Medium (100K-1M)
Western University,Eastern University,3,12271290,170424,16.322773027126203,12.046050596230986,CA,94,Elite (5M+)
Whitworth University,Whitworth University,3,14403,1202,9.575261224768768,7.0925737159746784,US,100,Low (<100K)
Widener University,Widener University,4,115588,4906,11.65779607498348,8.498418036089904,US,100,Medium (100K-1M)
Williams College,Williams College; Willis College,8,535158,11090,13.190319177985764,9.313889247604742,US,93,Medium (100K-1M)
Wilmington University,Wilmington University,5,1217672,11792,14.012452218300274,9.37526141408997,US,100,High (1M-5M)
Yale University,Able University; University Of Yale; Yale University,50,51561550,410021,17.758286817041316,12.923966095777509,US,93,Elite (5M+)
Yeshiva University,Yeshiva University,16,1997958,19043,14.507636717459569,9.85450737031441,US,100,High (1M-5M)
Zayed University,Zayed University,5,219680,11109,12.299931773067184,9.315600882633676,AE,100,Medium (100K-1M)
Zhejiang University,Zhejiang University,3,29209692,368151,17.190011164209412,12.816251175350354,CN,100,Elite (5M+)
