the_official_name,gdelt_name,cyber_news_count,cited_by_count,works_count,log_cited_by_count,log_works_count,country,match_score,prestige_tier
Aalto University,Aalto University,3,3458595,63981,15.05637328,11.06635707,FI,100,High (1M-5M)
Aarhus University,Aarhus University; University Of Aarhus,11,12716538,223932,16.35841399,12.31910218,DK,95,Elite (5M+)
Abertay University,Abertay University; Abertay University In Dundee,29,167994,5046,12.0316895,8.526549286,GB,90,Medium (100K-1M)
Adelphi University,Adelphi University,3,217389,8048,12.28944825,8.993303139,US,100,Medium (100K-1M)
Administrative Staff College of India,F College; Staff College,19,13657,636,9.52208071,6.456769656,IN,90,Low (<100K)
Allen University,Allen University,3,4941,231,8.505525387,5.446737372,US,100,Low (<100K)
American University,American University; American University School Of Communication; University American,51,1031404,30899,13.84643251,10.33851146,US,90,High (1M-5M)
American University of Afghanistan,American University Of Afghanistan,3,3881,327,8.264105764,5.793013608,AF,100,Low (<100K)
American University of Phnom Penh,American University Of Phnom Penh,4,305,115,5.723585102,4.753590191,KH,100,Low (<100K)
American University of Sharjah,American University Of Sharjah,20,408706,11387,12.9207538,9.340315448,AE,100,Medium (100K-1M)
Amherst College,Amherst College,3,693712,15283,13.44981361,9.634561809,US,100,Medium (100K-1M)
Amity University,Amity University; Amrita University,12,628596,24356,13.35124563,10.10057456,IN,91,Medium (100K-1M)
"Anna University, Chennai",Anna University,4,1486724,41849,14.21208627,10.64184708,IN,90,High (1M-5M)
Arcadia University,Arcadia University,3,71563,2272,11.17834743,7.728855824,US,100,Low (<100K)
Ariel University,Ariel University,3,352628,15286,12.77317179,9.634758073,IL,100,Medium (100K-1M)
Ashesi University,Ashesi University,3,3382,985,8.126518169,6.893656355,GH,100,Low (<100K)
Ashoka University,Ashoka University,3,23784,3176,10.07681041,8.063692634,IN,100,Low (<100K)
Aston University,Aston University; Aston University Cyber Security Innovation,9,1778237,36959,14.39113354,10.51759153,GB,90,High (1M-5M)
Ateneo de Manila University,Ateneo De Manila University,5,103165,6008,11.54409462,8.701013624,PH,100,Medium (100K-1M)
Athabasca University,Athabasca University,3,188782,6378,12.14835349,8.760766624,CA,100,Medium (100K-1M)
Auburn University,Auburn University; Auburn University Mccrary Institute; Auburn University Mccrary Institute For Cyber; Critical Infrastructure Security At Auburn University; Mccrary Institute At Auburn University,71,3916216,81380,15.18063669,11.30689711,US,90,High (1M-5M)
Auburn University at Montgomery,Auburn University At Montgomery,3,78547,3383,11.27146518,8.126813721,US,100,Low (<100K)
Augusta University,Augusta University; Augusta University School Of Computer,35,3688016,44887,15.12059947,10.71192578,US,90,High (1M-5M)
Austin Peay State University,Austin Peay State University,4,69093,2743,11.14322318,7.917171989,US,100,Low (<100K)
Babcock University,Babcock University,4,67262,7545,11.11636559,8.928772901,NG,100,Low (<100K)
Baker College,Baker College,3,3611,261,8.192016915,5.568344504,US,100,Low (<100K)
Bangladesh University of Engineering and Technology,Bangladesh University Of Engineering; University Of Engineering,8,508321,18631,13.13887038,9.832635812,BD,90,Medium (100K-1M)
Bar-Ilan University,Ilan University,9,3554015,59430,15.08358879,10.99257125,IL,95,High (1M-5M)
Bard College,Bard College,4,114395,3973,11.64742139,8.287528423,US,100,Medium (100K-1M)
Barnard College,Barnard College,3,293171,8235,12.58851475,9.016270068,US,100,Medium (100K-1M)
Baton Rouge Community College,Baton Rouge Community College,6,893,60,6.795705775,4.110873864,US,100,Low (<100K)
Baylor College of Medicine,Baylor College Of Medicine,7,27349080,164812,17.12419348,12.01256678,US,100,Elite (5M+)
Baylor University,Baylor University,7,2588074,40588,14.76642491,10.61125237,US,100,High (1M-5M)
Bellevue University,Bellevue University,14,59202,1728,10.9887275,7.455298486,US,100,Low (<100K)
Belmont University,Belmont University,3,35276,2460,10.47098647,7.80832305,US,100,Low (<100K)
Ben-Gurion University of the Negev,Ben-Gurion University; Ben-Gurion University Of The Negev; Israel Ben-Gurion University Of The Negev,55,5214074,95465,15.46687226,11.46652544,IL,90,Elite (5M+)
Benedict College,Benedict College,8,21120,858,9.958023085,6.755768922,US,100,Low (<100K)
Bennett University,Bennett University,4,81737,5797,11.31127429,8.665268309,IN,100,Low (<100K)
Bentley University,Bentley University,13,240421,7202,12.39015099,8.882252885,US,100,Medium (100K-1M)
Bermuda College,Bermuda College,8,29170,762,10.28093034,6.637258031,BM,100,Low (<100K)
Binghamton University,Binghamton University,6,1896006,38411,14.45526065,10.55612519,US,100,High (1M-5M)
Blackburn College,Blackburn College,6,51846,2243,10.85605235,7.716015267,US,100,Low (<100K)
Bond University,Bond University,3,724321,15215,13.49299132,9.630102785,AU,100,Medium (100K-1M)
Bossier Parish Community College,Bossier Parish Community College,3,996,82,6.90475077,4.418840608,US,100,Low (<100K)
Boston College,Boston College,25,3564650,47093,15.08657671,10.75990088,US,100,High (1M-5M)
Boston University,Boston University,37,24522026,198465,17.01508233,12.19837308,US,100,Elite (5M+)
Bournemouth University,Bournemouth University,11,827306,21037,13.62593113,9.954085605,GB,100,Medium (100K-1M)
Bowling Green State University,Bowling Green State University,3,1149638,27582,13.95495854,10.22495492,US,100,High (1M-5M)
Brandon University,Brandon University,4,143927,7516,11.87706845,8.924922401,CA,100,Medium (100K-1M)
Brock University,Brock University,3,921370,23535,13.73361806,10.06628644,CA,100,Medium (100K-1M)
Brown University,Bronze University; Brown University,21,14495620,137840,16.48935716,11.83385613,US,91,Elite (5M+)
Brunel University of London,Brunel University; University Of London,61,3261942,52905,14.99783359,10.87627203,GB,90,High (1M-5M)
Buncombe County Early College,Early College,4,132,7,4.890349128,2.079441542,US,90,Low (<100K)
Butler County Community College,Butler County Community College,17,2188,557,7.691200098,6.324358962,US,100,Low (<100K)
COMSATS University Islamabad,University Islamabad,3,2370714,48039,14.67870216,10.77978928,PK,95,High (1M-5M)
California Institute of Technology,California Institute Of Technology; California Institute Of Technology Caltech,15,36506557,243394,17.41300247,12.40244092,US,95,Elite (5M+)
California Polytechnic State University,California Polytechnic State University,6,592754,20844,13.29253644,9.94486939,US,100,Medium (100K-1M)
California State Polytechnic University,California State Polytechnic University,3,267297,12233,12.49611942,9.41197424,US,100,Medium (100K-1M)
Cape Cod Community College,Cape Cod Community College,3,598,69,6.395261598,4.248495242,US,100,Low (<100K)
Capella University,Capella University,4,23033,1862,10.04472666,7.529943371,US,100,Low (<100K)
Cardiff University,Cardiff University; University Of Cardiff,26,13255949,126134,16.39995707,11.74510804,GB,95,Elite (5M+)
Carleton University,Carleton University,18,4455281,77491,15.30960092,11.25792998,CA,100,High (1M-5M)
Carnegie Mellon University,Coordination Center At Carnegie Mellon University; Insider Threat Center At Carnegie Mellon University; University Carnegie; University Carnegie Mellon,16,16476758,157911,16.6174614,11.96979319,US,90,Elite (5M+)
Case Western Reserve University,Case Western Reserve University,10,16803006,171350,16.63706842,12.05146936,US,100,Elite (5M+)
Casper College,Casper College,4,7103,438,8.868413285,6.084499413,US,100,Low (<100K)
Catawba Valley Community College,Catawba Valley Community College,3,131,34,4.882801923,3.555348061,US,100,Low (<100K)
Catholic University of America,Catholic University Of America,5,1864676,33910,14.43859841,10.43149472,US,100,High (1M-5M)
Catholic University of Korea,Catholic University; University Catholic,20,3282752,53741,15.00419296,10.8919501,KR,95,High (1M-5M)
Cedarville University,Cedarville University,3,18543,3123,9.827901566,8.046869511,US,100,Low (<100K)
Central New Mexico Community College,Central New Mexico Community College,4,6395,279,8.763428074,5.634789603,US,100,Low (<100K)
Central Penn College,Penn College,3,918,83,6.823286122,4.430816799,US,90,Low (<100K)
Central Piedmont Community College,Central Piedmont Community College,5,1721,178,7.451241685,5.187385806,US,100,Low (<100K)
Century College,Century College,3,8406,356,9.036819971,5.877735782,US,100,Low (<100K)
Champlain College,Champlain College; Champlain College Online,20,23117,1566,10.04836681,7.356918242,US,95,Low (<100K)
Chandigarh University,Chandigarh University,6,430683,32691,12.97312992,10.39488568,IN,100,Medium (100K-1M)
Chapman University,Chapman University,4,366715,13989,12.81234299,9.546098068,US,100,Medium (100K-1M)
Charles University,Charles University; S University,24,9076169,147842,16.02116286,11.90390618,CZ,90,Elite (5M+)
China University of Political Science and Law,China University Of Political Science,4,36657,6634,10.50938696,8.800113947,CN,95,Low (<100K)
Chinese University of Hong Kong,Chinese University Of Hong Kong,6,17497687,196707,16.67757932,12.18947567,HK,100,Elite (5M+)
Chitkara University,Chitkara University,4,433846,24761,12.98044722,10.1170655,IN,100,Medium (100K-1M)
City College of New York,City College; City College Of New York,11,1905550,32359,14.46028176,10.38467837,US,90,High (1M-5M)
City University of Hong Kong,City University Of Hong Kong,4,7945566,115743,15.88812472,11.65913613,HK,100,Elite (5M+)
City University of New York,City University Of New York; University Of New York,36,4214089,84571,15.25394423,11.34535852,US,95,High (1M-5M)
City University of Seattle,City University Of Seattle,7,147531,3334,11.90180038,8.112227958,US,100,Medium (100K-1M)
Claflin University,Claflin University,6,14734,691,9.597980895,6.539585956,US,100,Low (<100K)
Clarkson University,Clarkson University,4,934233,16592,13.74748222,9.716736199,US,100,Medium (100K-1M)
Clemson University,Clemson University,23,4000761,75979,15.2019954,11.23822543,US,100,High (1M-5M)
Clinton College,Clinton College,3,572,109,6.350885717,4.700480366,US,100,Low (<100K)
College Board,College Board,9,112934,805,11.63456771,6.692083743,US,100,Medium (100K-1M)
College of Charleston,College Of Charleston,6,439914,11432,12.99433681,9.34425919,US,100,Medium (100K-1M)
College of DuPage,College Of Dupage,3,8012,1137,8.988820502,7.037027615,US,100,Low (<100K)
College of Management Academic Studies,College Of Management Academic,4,37073,1942,10.52067119,7.571988449,IL,95,Low (<100K)
College of Southern Idaho,College Of Southern Idaho,5,3949,159,8.281470858,5.075173815,US,100,Low (<100K)
College of Southern Maryland,College Of Southern Maryland,3,1933,152,7.567345676,5.030437921,US,100,Low (<100K)
College of Southern Nevada,College Of Southern Nevada,5,5113,373,8.539737156,5.924255797,US,100,Low (<100K)
College of Western Idaho,College Of Eastern Idaho; College Of Western Idaho,17,11801,820,9.376024288,6.710523109,US,96,Low (<100K)
College of the Desert,College Of The Desert,10,2947,240,7.988882253,5.484796933,US,100,Low (<100K)
Collin College,Collin College,3,4767,521,8.469682209,6.257667588,US,100,Low (<100K)
Colorado Northwestern Community College,Colorado Northwestern Community College,5,272,22,5.609471795,3.135494216,US,100,Low (<100K)
Columbia College Chicago,Columbia College; Columbia College Chicago; Columbia College Of Chicago,14,11821,1088,9.377717481,6.993015123,US,90,Low (<100K)
Columbia University,Columbia University; Columbia University Graduate School Of Journalism; Columbia University School For International; Columbia University School Of International; Knight First Amendment Institute At Columbia University; Peace Studies At Columbia University; Public Affairs At Columbia University,101,46977923,386483,17.66518835,12.86484575,US,90,Elite (5M+)
Community College of Baltimore County,Community College Of Baltimore,3,4066,334,8.310660906,5.814130532,US,95,Low (<100K)
Community College of Rhode Island,Community College Of Rhode Island,5,28397,605,10.254074,6.406879986,US,100,Low (<100K)
Concord University,Concord University,3,8814,605,9.084210095,6.406879986,US,100,Low (<100K)
Concordia University,Concordia University; Concordia University Research; University Concordia,24,3226394,66402,14.98687597,11.10349752,CA,95,High (1M-5M)
Cornell University,Cornell University; Researchers At Cornell University; University Cornell; University Of Cornell,61,56223949,471375,17.84485338,13.06341136,US,90,Elite (5M+)
Coventry University,Coventry University,8,954333,29451,13.76876899,10.2905171,GB,100,Medium (100K-1M)
Cranfield University,Cranfield University,9,2227371,35451,14.61633297,10.47593495,GB,100,High (1M-5M)
Crowder College,Crowder College,4,1170,79,7.065613364,4.382026635,US,100,Low (<100K)
Curtin University,Curtin University,12,5288209,93960,15.48099037,11.45063508,AU,100,Elite (5M+)
Cypress College,Cypress College,3,22351,799,10.01467108,6.684611728,US,100,Low (<100K)
Cyprus University of Technology,Cyprus University Of Technology; Technology University; Us University,23,384076,9554,12.85859833,9.164819857,CY,90,Medium (100K-1M)
Dartmouth College,Dartmouth College,12,6986238,88270,15.75945292,11.38816691,US,100,Elite (5M+)
De La Salle University,Fab Lab Of De La Salle University; Salle University,21,237631,11671,12.37847854,9.36494809,PH,90,Medium (100K-1M)
De La Salle-College of Saint Benilde,College Of Saint Benilde,3,4513,312,8.414938957,5.746203191,PH,90,Low (<100K)
De Montfort University,Montfort University,15,715575,23337,13.48084309,10.05783821,GB,95,Medium (100K-1M)
DePaul University,Depaul University,14,724721,22181,13.49354341,10.00703643,US,100,Medium (100K-1M)
DePauw University,Depauw University,19,62892,3996,11.04919015,8.293299359,US,100,Low (<100K)
DeSales University,Desales University,5,8549,792,9.053686562,6.675823222,US,100,Low (<100K)
DeVry University,Devry University,18,10784,1149,9.285911559,7.047517221,US,100,Low (<100K)
Deakin University,Deakin University; Deakin University Centre For Cyber Security Research,37,5711479,95213,15.55798874,11.46388227,AU,90,Elite (5M+)
Des Moines Area Community College,Des Moines Area Community College,14,1274,164,7.150701458,5.105945474,US,100,Low (<100K)
Doshisha Women's College of Liberal Arts,College Of Liberal Arts,8,52671,1571,10.87183928,7.360103973,JP,90,Low (<100K)
Drexel University,Drexel University,26,6001722,83521,15.60755715,11.33286535,US,100,Elite (5M+)
Duke University,Duke University,38,29682792,268592,17.20607808,12.5009525,US,100,Elite (5M+)
Dundee and Angus College,Angus College; S College,28,4640,130,8.442685139,4.875197323,GB,90,Low (<100K)
Duquesne University,Duquesne University,3,552237,14374,13.22173439,9.573245866,US,100,Medium (100K-1M)
Durham University,Durham University,5,6859376,109433,15.74112718,11.60307691,GB,100,Elite (5M+)
Dutch University Institute for Art History,Dutch University,5,93,33,4.543294782,3.526360525,IT,90,Low (<100K)
East Carolina University,Carolina University,9,2045206,40389,14.53100956,10.60633751,US,95,High (1M-5M)
Eastern New Mexico University,Eastern New Mexico University,6,34441,1853,10.44703203,7.525100746,US,100,Low (<100K)
Eindhoven University of Technology,Eindhoven University Of Technology,8,6640986,96047,15.70877115,11.47260335,NL,100,Elite (5M+)
Elms College,Elms College,4,6950,479,8.846640813,6.173786104,US,100,Low (<100K)
Elon University,Elon University,5,107709,5124,11.58719771,8.541885804,US,100,Medium (100K-1M)
Emerson College,Emerson College,6,55810,2108,10.92972626,7.65396918,US,100,Low (<100K)
Emory University,Emory University; Goizueta Business School At Emory University; Mary University,24,23447874,226983,16.97029043,12.33263481,US,90,Elite (5M+)
Endicott College,Endicott College,3,66233,2293,11.10094921,7.738052298,US,100,Low (<100K)
Erasmus University Rotterdam,Erasmus University,3,12328875,119109,16.32745471,11.68780271,NL,90,Elite (5M+)
Excelsior College,Excelsior College,6,16616,596,9.718181547,6.391917113,US,100,Low (<100K)
Fairfield University,Fairfield University,4,229386,6660,12.34316581,8.804024902,US,100,Medium (100K-1M)
Federation University,Federation University,3,463327,13321,13.04619051,9.497172083,AU,100,Medium (100K-1M)
Fife College,Fife College,4,784,84,6.665683718,4.442651256,GB,100,Low (<100K)
Flinders University,Flinders University,13,3605781,69144,15.09804923,11.14396103,AU,100,High (1M-5M)
Florida A&M University - Florida State University College of Engineering,Florida A M University,11,435330,7615,12.98386194,8.938006576,US,90,Medium (100K-1M)
Florida Gulf Coast University,Florida Gulf Coast University,8,159596,6278,11.98040717,8.744966011,US,100,Medium (100K-1M)
Florida Institute of Technology,Florida Institute Of Technology,7,1172310,15425,13.97448757,9.643809676,US,100,High (1M-5M)
Fordham University,Fordham University,12,794545,30670,13.58552616,10.33107286,US,100,Medium (100K-1M)
Forsyth Technical Community College,Forsyth Technical Community College,3,29104,369,10.27866526,5.913503006,US,100,Low (<100K)
Franklin University,Franklin University,3,770800,8228,13.55518551,9.01541978,US,100,Medium (100K-1M)
Franklin W. Olin College of Engineering,Olin College Of Engineering,3,48702,1225,10.79349591,7.111512116,US,95,Low (<100K)
Free University of Bozen-Bolzano,Free University; Free University Bolzano,9,521193,15066,13.16387761,9.620262201,IT,90,Medium (100K-1M)
Front Range Community College,Front Range Community College,4,6694,238,8.809116258,5.476463552,US,100,Low (<100K)
Fudan University,Fudan University,4,19987719,240695,16.81062864,12.39129001,CN,100,Elite (5M+)
Full Sail University,Sail University,3,266,109,5.587248658,4.700480366,US,95,Low (<100K)
Furman University,Furman University,4,141738,4610,11.86174262,8.436200032,US,100,Medium (100K-1M)
Gannon University,Gannon University,12,59082,2415,10.98669851,7.789868559,US,100,Low (<100K)
Gaston College,Gaston College,8,7933,231,8.978912601,5.446737372,US,100,Low (<100K)
George Washington University,University George Washington; Washington University,14,6403551,117457,15.67236339,11.6738361,US,95,Elite (5M+)
Georgetown University,Georgetown University; Georgetown University Center; Georgetown University Law Center; Georgetown University School Of Foreign Service; Technology At Georgetown University,99,8833057,116507,15.99401183,11.66571522,US,90,Elite (5M+)
Georgia Institute of Technology,Georgia Institute Of Technology,51,17916309,195674,16.70122203,12.1842104,US,100,Elite (5M+)
German University in Cairo,German University,7,127804,5524,11.75826094,8.617038526,EG,90,Medium (100K-1M)
Ghana Communication Technology University,Ghana Communication Technology University,5,15704,1632,9.661734412,7.398174093,GH,100,Low (<100K)
Goethe University Frankfurt,Goethe University,4,14745639,166501,16.506458,12.0227626,DE,90,Elite (5M+)
Gonzaga University,Gonzaga University,6,96363,4968,11.47588797,8.510973892,US,100,Low (<100K)
"Government College University, Faisalabad",Government College,4,1058575,21349,13.87243517,9.968807019,PK,90,High (1M-5M)
Grand Canyon University,Canyon University,6,19796,1676,9.89328569,7.424761762,US,95,Low (<100K)
Graz University of Technology,Graz University Of Technology,4,2855813,71338,14.86486747,11.17519844,AT,100,High (1M-5M)
Griffith University,Griffith University,13,5416890,97568,15.50503259,11.4883151,AU,100,Elite (5M+)
Guilford College,Guilford College,3,70905,1232,11.16911034,7.117205503,US,100,Low (<100K)
Guilford Technical Community College,Guilford Technical Community College,7,5249,856,8.565983356,6.753437919,US,100,Low (<100K)
Gujarat University,Gujarat University,6,165945,8912,12.01941771,9.095266164,IN,100,Medium (100K-1M)
Hainan University,China University; Hainan University,6,1684182,43528,14.33679114,10.68118266,CN,91,High (1M-5M)
Hamad bin Khalifa University,Hamad Bin Khalifa University; Khalifa University,20,618779,13040,13.33550508,9.47585352,QA,90,Medium (100K-1M)
Hampton University,Hampton University,9,727589,6697,13.49749298,8.809564253,US,100,Medium (100K-1M)
Harbin Engineering University,Engineering University,4,2823893,63684,14.85362734,11.06170434,CN,95,High (1M-5M)
Harbin Institute of Technology,Austrian Institute Of Technology; Harbin Institute Of Technology,11,14094593,221432,16.46130188,12.30787534,CN,90,Elite (5M+)
Harrisburg University of Science and Technology,Harrisburg University; Harrisburg University Of Science; University Of Science,29,29411,2097,10.28915803,7.648739789,US,90,Low (<100K)
Harvard University,Belfer Centre At Harvard University; Harvard University; Harvard University Belfer Center Cyber; Harvard University Berkman Klein Center; University Of Harvard,89,143061250,702852,18.77878343,13.46290305,US,90,Elite (5M+)
Hebrew University of Jerusalem,Hebrew University; Hebrew University Of Jerusalem; University Hebrew Of Jerusalem,28,11158255,147868,16.22769023,11.90408203,IL,90,Elite (5M+)
Heriot-Watt University,Watt University,9,1832481,34866,14.42118189,10.4592961,GB,95,High (1M-5M)
Hillsdale College,Hillsdale College,4,126951,994,11.75156434,6.902742737,US,100,Medium (100K-1M)
Hofstra University,Hofstra University,16,824608,22426,13.62266461,10.01802087,US,100,Medium (100K-1M)
Holon Institute of Technology,Holon Institute Of Technology,5,97834,4364,11.49103767,8.381373468,IL,100,Low (<100K)
Hong Kong Polytechnic University,Polytechnic University; University Polytechnic,17,9257669,152438,16.04096296,11.9345198,HK,95,Elite (5M+)
Hope College,He College; Hope College,8,204179,4942,12.22675724,8.505727713,US,91,Medium (100K-1M)
Howard University,Howard University,33,1258231,28965,14.04521812,10.27387801,US,100,High (1M-5M)
Hunter College,Hunter College,4,981834,22857,13.79717855,10.03705644,US,100,Medium (100K-1M)
Illinois Institute of Technology,Illinois Institute Of Technology,14,1691219,35069,14.34096072,10.46510134,US,100,High (1M-5M)
Illinois Valley Community College,Illinois Valley Community College,8,746,65,6.616065185,4.189654742,US,100,Low (<100K)
Imperial College London,Imperial College; Imperial College London,50,41729297,385088,17.54671403,12.86122976,GB,95,Elite (5M+)
Indian Institute of Technology Bombay,Indian Institute Of Technology Bombay,3,3060028,65343,14.93393495,11.0874209,IN,100,High (1M-5M)
Indian Institute of Technology Jodhpur,Indian Institute Of Technology Jodhpur,3,208401,8825,12.24722419,9.08545719,IN,100,Medium (100K-1M)
Indian Institute of Technology Kanpur,Indian Institute Of Technology Kanpur,9,2354559,52101,14.67186443,10.86095861,IN,100,High (1M-5M)
Indian Institute of Technology Kharagpur,Indian Institute Of Technology,42,3463807,71390,15.05787912,11.17592709,IN,95,High (1M-5M)
Indian Institute of Technology Madras,Indian Institute Of Technology Madras,7,2609992,67245,14.7748581,11.11611282,IN,100,High (1M-5M)
Indiana University Bloomington,Indiana University Bloomington,6,10958381,109166,16.2096152,11.6006341,US,100,Elite (5M+)
Indiana University of Pennsylvania,Indiana University Of Pennsylvania,10,136936,6748,11.82727625,8.817149625,US,100,Medium (100K-1M)
Indiana University – Purdue University Indianapolis,Indiana University; Purdue University; Purdue University Indianapolis,133,13891482,145465,16.44678648,11.88769766,US,90,Elite (5M+)
Innsbruck Medical University,University Innsbruck,6,4231643,38491,15.25810113,10.55820571,AT,95,High (1M-5M)
International Islamic University Malaysia,Islamic University,3,667312,33419,13.41101448,10.4169098,MY,90,Medium (100K-1M)
Italian University Line,University Italian; University Line,10,6715,343,8.812248018,5.840641657,IT,90,Low (<100K)
Ithaca College,Ithaca College,4,922290,13745,13.73461607,9.528503152,US,100,Medium (100K-1M)
Ivy Tech Community College of Indiana,Ivy Tech Community College,12,8402,421,9.036344064,6.045005314,US,95,Low (<100K)
Jacksonville University,Jacksonville University,3,213684,6945,12.27225825,8.845921233,US,100,Medium (100K-1M)
"Jawaharlal Nehru Technological University, Hyderabad",Jawaharlal Nehru Technological University,3,224758,13686,12.322784,9.524201756,IN,95,Medium (100K-1M)
Johns Hopkins University,Thomas Rid Of Johns Hopkins University; University Hopkins; University Johns Hopkins,21,76253284,496222,18.14957105,13.1147807,US,90,Elite (5M+)
KTH Royal Institute of Technology,Royal Institute Of Technology,7,8337678,116356,15.93629544,11.66441833,SE,95,Elite (5M+)
Kadir Has University,University Has,4,67219,4055,11.1157261,8.307952545,TR,95,Low (<100K)
Kaimosi Friends University,Friends University,6,2795,477,7.935945103,6.169610732,KE,95,Low (<100K)
Kaunas University of Technology,Kaunas University Of Technology,3,550476,18856,13.21854045,9.844639477,LT,100,Medium (100K-1M)
Kean University,Cybersecurity At Kean University; Kean University,9,74940,4426,11.22445642,8.395477433,US,90,Low (<100K)
Keio University,Keio University,6,7366587,119681,15.8124652,11.6925935,JP,100,Elite (5M+)
Kenyatta University,Kenyatta University,3,182732,13825,12.11578135,9.534306157,KE,100,Medium (100K-1M)
Kenyon College,Kenyon College,12,604859,3969,13.31275231,8.286521374,US,100,Medium (100K-1M)
Khalifa University of Science and Technology,Khalifa University Of Science,3,1026450,34616,13.84161778,10.45210017,AE,90,High (1M-5M)
Kim Il-sung University,Kim Il Sung University,5,17612,761,9.776392545,6.635946556,KP,100,Low (<100K)
Knox College,Knox College,6,61856,1850,11.03258055,7.523481313,US,100,Low (<100K)
Korea University,Korea University,14,9679964,116793,16.08556884,11.66816698,KR,100,Elite (5M+)
Kuwait College of Science and Technology,Kuwait College Of Science,3,40579,2130,10.61103061,7.664346632,KW,90,Low (<100K)
Kuwait University,Kuwait University,7,1076850,29446,13.8895516,10.29034732,KW,100,High (1M-5M)
Kyoto University of Education,University Education,3,1067366,13815,13.88070543,9.53358262,JP,95,High (1M-5M)
La Trobe University,Trobe University,9,4316346,95816,15.27792,11.4701954,AU,95,High (1M-5M)
Lafayette College,Lafayette College,4,203176,7876,12.2218328,8.9717024,US,100,Medium (100K-1M)
Lakehead University,Lakehead University,3,711557,16247,13.47521221,9.695725103,CA,100,Medium (100K-1M)
Lamar University,Lamar University,5,316356,7987,12.6646266,8.985695695,US,100,Medium (100K-1M)
Lancaster University,Lancaster University; Lancaster University Management School; University Of Lancaster,35,6310995,84105,15.65780407,11.33983319,GB,90,Elite (5M+)
Laramie County Community College,Laramie County Community College,5,2078,134,7.639642288,4.905274778,US,100,Low (<100K)
Laurentian University,Laurentian University,6,687662,13519,13.44105417,9.51192535,CA,100,Medium (100K-1M)
Lebanese French University,French University,4,32202,1859,10.37981489,7.528331767,IQ,90,Low (<100K)
Lehigh Carbon Community College,Lehigh Carbon Community College,3,424,47,6.052089169,3.871201011,US,100,Low (<100K)
Lehigh University,Lehigh University,9,2267232,42877,14.6340707,10.66611415,US,100,High (1M-5M)
Leiden University,Leiden University; University Of Leiden,19,11827133,145696,16.28590694,11.8892844,NL,95,Elite (5M+)
Leipzig University,University Leipzig,4,6316510,127186,15.65867756,11.75341372,DE,95,Elite (5M+)
Lewis University,Lewis University,9,27018,1655,10.2042956,7.412160335,US,100,Low (<100K)
Lewis and Clark Community College,Lewis Clark Community College,3,580,38,6.364750757,3.663561646,US,95,Low (<100K)
Liberty University,Liberty University; Strategic Leadership At Liberty University,10,35558,5807,10.47894857,8.666991557,US,90,Low (<100K)
Lincoln College,Lincoln College,17,25715,2117,10.15486865,7.658227526,US,100,Low (<100K)
Lincoln Land Community College,Lincoln Land Community College,3,1230,104,7.115582126,4.65396035,US,100,Low (<100K)
Lincoln University,Lincoln University; University Of Lincoln,11,763921,12655,13.54622097,9.44588669,NZ,95,Medium (100K-1M)
Liverpool John Moores University,Liverpool John Moores University,6,2022257,38198,14.51972527,10.55056462,GB,100,High (1M-5M)
London South Bank University,London South Bank University,3,444573,15122,13.0048718,9.623972043,GB,100,Medium (100K-1M)
Longwood University,Longwood University,4,71709,2106,11.18038549,7.653020414,US,100,Low (<100K)
Loras College,Loras College,3,7643,653,8.941676305,6.483107351,US,100,Low (<100K)
Loughborough University,Loughborough University,12,3726525,90407,15.13098699,11.41208804,GB,100,High (1M-5M)
Loyola University Chicago,Loyola University; Loyola University Chicago,12,2618977,48685,14.77829472,10.79314679,US,95,High (1M-5M)
M S Ramaiah University of Applied Sciences,University Of Applied Sciences,6,153233,9433,11.93972144,9.152075464,IN,95,Medium (100K-1M)
Maastricht University,Able University Maastricht; Able University Of Maastricht; Maastricht University; University Maastricht; University Of Maastricht,55,10904924,113604,16.20472508,11.6404828,NL,95,Elite (5M+)
"Mackay Junior College of Medicine, Nursing and Management",Junior College,3,116828,3075,11.66846661,8.031385331,TW,90,Medium (100K-1M)
Macquarie University,Macquarie University,23,5369727,101217,15.49628781,11.52503189,AU,100,Elite (5M+)
Marquette University,Marquette University,4,1211509,35776,14.00737807,10.48506051,US,100,High (1M-5M)
Marshall University,Marshall University,34,433832,12575,12.98041495,9.439545515,US,100,Medium (100K-1M)
Martin University,Martin University,4,234857,4213,12.36673636,8.346167594,US,100,Medium (100K-1M)
Marymount University,Marymount University,9,1553895,40610,14.25627588,10.61179424,US,100,High (1M-5M)
Maryville University,Marseille University; Maryville University,13,13396,761,9.50278608,6.635946556,US,90,Low (<100K)
Massachusetts Institute of Technology,Massachusetts Institute Of Technology,82,64172847,346122,17.97709075,12.75454948,US,100,Elite (5M+)
Massey University,Massey University,4,2790913,54064,14.8418797,10.89794231,NZ,100,High (1M-5M)
McGill University,Mcgill University,18,27193058,294675,17.11847231,12.59363173,CA,100,Elite (5M+)
McMaster University,Mcmaster University,6,18140263,182106,16.71364456,12.11234971,CA,100,Elite (5M+)
Memorial University of Newfoundland,Memorial University,5,2804568,58238,14.84676043,10.97231051,CA,90,High (1M-5M)
Mercer University,Mercer University,10,358521,8634,12.7897453,9.063578991,US,100,Medium (100K-1M)
Mercyhurst University,Mercyhurst University,9,19550,938,9.880781715,6.844815479,US,100,Low (<100K)
Miami University,Miami University,21,1469284,37420,14.20028645,10.52998732,US,100,High (1M-5M)
Middlebury College,Middlebury College,4,216106,6997,12.28352893,8.853379673,US,100,Medium (100K-1M)
Middlesex University,Middlesex University,3,877372,18598,13.68468749,9.830863095,GB,100,Medium (100K-1M)
Midland University,Midland University,5,738,76,6.605297921,4.343805422,US,100,Low (<100K)
Millersville University,Millersville University,3,68470,2817,11.13416558,7.943782692,US,100,Low (<100K)
Mississippi Gulf Coast Community College,Mississippi Gulf Coast Community College,5,811,94,6.69950034,4.553876892,US,100,Low (<100K)
Mississippi Valley State University,Mississippi Valley State University,4,4286,389,8.363342467,5.966146739,US,100,Low (<100K)
Missouri Southern State University,Missouri Southern State University,3,8358,634,9.031094082,6.453624999,US,100,Low (<100K)
Mohamed bin Zayed University of Artificial Intelligence,Mohamed Bin Zayed University Of Artificial Intelligence,3,111192,3712,11.61902271,8.219595454,AE,100,Medium (100K-1M)
Mohawk Valley Community College,Mohawk Valley Community College,8,1741,144,7.462789157,4.976733742,US,100,Low (<100K)
Moi University,I University; Moi University,6,239286,9604,12.38541895,9.170039075,KE,92,Medium (100K-1M)
Monash University,Monash University,5,21418407,281840,16.8797613,12.54909836,AU,100,Elite (5M+)
Monmouth University,Monmouth University,4,86983,3900,11.37347947,8.26898821,US,100,Low (<100K)
Montgomery College,Montgomery College,3,18214,919,9.810000709,6.82437367,US,100,Low (<100K)
Moraine Valley Community College,Moraine Valley Community College; Moraine Valley Community College In Palos Hills,7,742,107,6.610696045,4.682131227,US,95,Low (<100K)
Morehouse College,Morehouse College,5,29651,1463,10.29728486,7.288927695,US,100,Low (<100K)
Morris College,Morris College,4,3121,130,8.046229101,4.875197323,US,100,Low (<100K)
Mount Carmel College of Nursing,Carmel College,4,3289,328,8.098642844,5.796057751,US,90,Low (<100K)
Multimedia University,Multimedia University,10,420236,17791,12.94857412,9.786504197,MY,100,Medium (100K-1M)
Nanyang Technological University,Technological University; University Technological,10,17486670,193415,16.67694949,12.17259859,SG,95,Elite (5M+)
National Central University,Central University; University National,10,2927451,45350,14.88964298,10.72218751,TW,90,High (1M-5M)
National College of Ireland,National College Of Ireland,5,34870,2274,10.45941082,7.729735331,IE,100,Low (<100K)
National Forensic Sciences University,National Forensic Science University; National Forensic Sciences University,22,46186,2239,10.74045365,7.714231145,IN,99,Low (<100K)
National Institute of Technology Rourkela,National Institute Of Technology,14,985255,22902,13.80065678,10.03902319,IN,95,Medium (100K-1M)
National Research University Higher School of Economics,Research University,6,784813,64377,13.57320203,11.07252724,RU,90,Medium (100K-1M)
National University of Ireland,National University Of Ireland,4,973509,10704,13.78866338,9.278466201,IE,100,Medium (100K-1M)
National University of Science and Technology,National University Of Science,5,689462,15670,13.44366831,9.65956715,RU,90,Medium (100K-1M)
National University of Singapore,National University Of Singapore; National University Of Singapore School Of Computing,45,24786179,277616,17.0257968,12.53399774,SG,90,Elite (5M+)
New Jersey Institute of Technology,Jersey Institute Of Technology,12,1404460,31430,14.15516416,10.35554995,US,95,High (1M-5M)
New York College of Health Professions,College Of Health; York College,8,583986,4952,13.277634,8.507748733,US,90,Medium (100K-1M)
New York Institute of Technology,York Institute Of Technology,15,223007,6240,12.31496292,8.738895705,US,95,Medium (100K-1M)
New York State College of Agriculture & Life Sciences,College Of Agriculture,4,431590,5127,12.97523366,8.542470999,US,90,Medium (100K-1M)
New York University,Election Reform Program At New York University; Justice At New York University,10,26659653,275738,17.09866189,12.52721005,US,90,Elite (5M+)
New York University Abu Dhabi,York University Abu Dhabi,6,418349,8394,12.94407368,9.03539157,AE,95,Medium (100K-1M)
Newbold College of Higher Education,College Of Higher,4,10480,816,9.257319373,6.705639095,GB,90,Low (<100K)
Newcastle University,Newcastle University; University Of Newcastle,40,11771297,150679,16.28117475,11.92291366,GB,95,Elite (5M+)
Niagara University,Niagara University,4,44464,2203,10.70245764,7.69802917,US,100,Low (<100K)
North Dakota University System,Dakota University; Dakota University System; University System,18,1064,117,6.970730078,4.770684624,US,90,Low (<100K)
North Idaho College,Idaho College,7,12086,457,9.399885774,6.126869184,US,95,Low (<100K)
Northcentral University,Northcentral University,3,12782,961,9.455871442,6.869014451,US,100,Low (<100K)
Northeastern University,Device Cybersecurity At Northeastern University; Matthew Modoono Northeastern University; Northeastern University,49,6449157,82775,15.67946014,11.32389344,US,90,Elite (5M+)
Northern Virginia Community College,Northern Virginia Community College,6,10855,515,9.292473202,6.246106765,US,100,Low (<100K)
Northwestern University,Northwestern University,30,35554278,260397,17.38657107,12.46996651,US,100,Elite (5M+)
Nova Southeastern University,Southeastern University,3,843076,22762,13.64481357,10.03289169,US,95,Medium (100K-1M)
Oakland University,Oakland University,9,1089839,30114,13.90154145,10.31277867,US,100,High (1M-5M)
Oakwood University,Oakwood University,3,19577,481,9.882161766,6.177944114,US,100,Low (<100K)
Ohio University,Ohio University,15,2383721,53020,14.68417369,10.87844334,US,100,High (1M-5M)
Ohlone College,Ohlone College,5,2057,138,7.629489916,4.934473933,US,100,Low (<100K)
Ollscoil na Gaillimhe – University of Galway,University Of Galway,5,3106652,50105,14.9490565,10.82189604,IE,90,High (1M-5M)
Open University of Israel,Israel University; University Israel; University Of Israel,12,163927,5525,12.00718259,8.617219505,IL,95,Medium (100K-1M)
Oranim Academic College of Education,College Of Education,12,84902,2968,11.34926471,7.995980475,IL,90,Low (<100K)
Oregon Health & Science University,Oregon Health Science University; Science University,12,12394235,121377,16.33274208,11.70666492,US,90,Elite (5M+)
Osmania University,Osmania University,5,501823,18336,13.12600474,9.816676156,IN,100,Medium (100K-1M)
Our Lady of the Lake University,Lake University,8,21358,770,9.969228475,6.647688374,US,90,Low (<100K)
Ozarks Technical Community College,Ozarks Technical Community College,4,1726,91,7.454141078,4.521788577,US,100,Low (<100K)
Pace University,Information Systems At Pace University; Pace University,22,246466,10079,12.41498339,9.218308542,US,90,Medium (100K-1M)
Palm Beach State College,Palm Beach State College,4,1564,254,7.355641103,5.541263545,US,100,Low (<100K)
Parul University,Parul University,4,61335,6638,11.02412223,8.800716629,IN,100,Low (<100K)
Pellissippi State Community College,Pellissippi State Community College,5,7482,244,8.92038906,5.501258211,US,100,Low (<100K)
Pennsylvania Highlands Community College,Pennsylvania Highlands Community College,4,274,19,5.616771098,2.995732274,US,100,Low (<100K)
Pepperdine University,Pepperdine University,5,168631,8497,12.0354741,9.047586121,US,100,Medium (100K-1M)
Polytechnic University of the Philippines,Polytechnic University Of The Philippines; University Of The Philippines,12,11313,2125,9.333796176,7.661997559,PH,95,Low (<100K)
Prairie View A&M University,Prairie View A M University,7,183277,6452,12.1187594,8.772300418,US,100,Medium (100K-1M)
Princeton University,Princeton University; University Of Princeton,47,26841120,211607,17.10544564,12.26249079,US,95,Elite (5M+)
Punjab Engineering College,Engineering College,8,134589,8206,11.8099884,9.012742728,IN,95,Medium (100K-1M)
Qatar University,Qatar University,9,1737699,40636,14.36807296,10.61243426,QA,100,High (1M-5M)
"Queens College, CUNY",Queens College,6,680398,18138,13.43043467,9.805819595,US,95,Medium (100K-1M)
Queensland University of Technology,Queensland University Of Technology; University Of Queensland,47,5626347,100874,15.54297112,11.52163741,AU,95,Elite (5M+)
Quest University Canada,Canada University,3,73464,2697,11.20456438,7.900266037,CA,95,Low (<100K)
Quinnipiac University,Quinnipiac University,8,130757,5934,11.78110357,8.688622307,US,100,Medium (100K-1M)
RMIT University,It University; Rmit University,20,4129616,83956,15.23369522,11.33806004,AU,93,High (1M-5M)
Radboud University Nijmegen,Radboud University,12,24742133,205988,17.02401818,12.23557805,NL,90,Elite (5M+)
Radford University,Radford University,6,90688,4221,11.41519135,8.348064228,US,100,Low (<100K)
Regent University,Regent University,5,63038,3465,11.05150886,8.15075647,US,100,Low (<100K)
Regis University,Regis University,19,83916,3039,11.33758349,8.019612794,US,100,Low (<100K)
Reichman University,Reichman University; Reichman University In Herzliya,8,218429,5799,12.29422088,8.665613197,IL,90,Medium (100K-1M)
Rensselaer Polytechnic Institute,Polytechnic Institute,4,4125128,63260,15.23260785,11.0550243,US,90,High (1M-5M)
Rice University,Rice University,32,10473526,82326,16.16436139,11.3184544,US,100,Elite (5M+)
River Parishes Community College,River Parishes Community College,3,911,34,6.81563999,3.555348061,US,100,Low (<100K)
Roane State Community College,Roane State Community College; Roane State Community College Workforce Training,14,2745,114,7.917900586,4.744932128,US,90,Low (<100K)
Rochester Institute of Technology,Rochester Institute Of Technology,46,1946003,30567,14.4812886,10.32770899,US,100,High (1M-5M)
Rose–Hulman Institute of Technology,Rose-Hulman Institute Of Technology,3,68229,3933,11.13063963,8.277411999,US,100,Low (<100K)
Rowan College at Burlington County,Rowan College At Burlington,3,1674,210,7.423568444,5.351858133,US,95,Low (<100K)
Rowan University,Rowan University,4,494084,15281,13.11046285,9.634430944,US,100,Medium (100K-1M)
Royal College of Nursing,College Of Nursing; Royal College Of Nursing,8,98305,2913,11.49584034,7.977281987,GB,95,Low (<100K)
Royal College of Surgeons in Ireland,Royal College,3,1611630,23963,14.29275727,10.08430798,IE,90,High (1M-5M)
Royal Danish Defence College,Defence College,11,98992,1418,11.50280442,7.257707677,DK,90,Low (<100K)
Ruhr University Bochum,Ruhr University Bochum; University Bochum,21,7504063,120970,15.8309553,11.70330613,DE,95,Elite (5M+)
"Rutgers, The State University of New Jersey",University Of New Jersey,3,21390342,250959,16.87845012,12.43304884,US,90,Elite (5M+)
Saint Louis University,Louis University,3,3649295,49525,15.11004483,10.81025306,US,95,High (1M-5M)
Salt Lake Community College,Salt Lake Community College,5,16175,472,9.691283941,6.159095388,US,100,Low (<100K)
Sam Houston State University,Sam Houston State University,4,296337,11164,12.59925597,9.320539164,US,100,Medium (100K-1M)
San Diego State University,San Diego State University,13,3483476,52026,15.06354149,10.85951809,US,100,High (1M-5M)
San Jose State University,San Jose State University,14,712199,33242,13.47611405,10.4115995,US,100,Medium (100K-1M)
Sapienza University of Rome,University Of Rome,5,20191876,250426,16.82079095,12.43092274,IT,90,Elite (5M+)
Savannah College of Art and Design,Savannah College Of Art,3,3519,660,8.166216269,6.49375384,US,95,Low (<100K)
Seattle University,Seal University; Seattle University,6,8196589,57046,15.91922877,10.95163077,US,91,Elite (5M+)
Seton Hall University,University Hall,3,272393,10581,12.51500483,9.266909723,US,95,Medium (100K-1M)
Sharif University of Technology,Sharif University Of Technology,4,1898541,45387,14.45659678,10.72300303,IR,100,High (1M-5M)
Shepherd University,Shepherd University,3,32739,1421,10.39635285,7.25981961,US,100,Low (<100K)
Sheridan College,Sheridan College,3,110064,908,11.60882638,6.812345094,CA,100,Medium (100K-1M)
Shinjuku College of Information Technology,College Of Information,6,13379,259,9.501516334,5.560681631,JP,90,Low (<100K)
Siena College,Siena College; Siena College Of Taytay; York Times Siena College,10,77926,2849,11.26352777,7.955074273,US,90,Low (<100K)
Sierra College,Sierra College,7,2742,144,7.916807491,4.976733742,US,100,Low (<100K)
Singapore Institute of Technology,Singapore Institute Of Technology,6,112169,6106,11.62777086,8.717190933,SG,100,Medium (100K-1M)
Singapore University of Social Sciences,Singapore University Of Social Sciences,3,117057,4131,11.67042482,8.32651683,SG,100,Medium (100K-1M)
Singapore University of Technology and Design,Singapore University Of Technology,20,843984,14211,13.64589,9.561841957,SG,95,Medium (100K-1M)
Singularity University,Singularity University,3,4515,676,8.415381925,6.517671273,US,100,Low (<100K)
Sitting Bull College,Bull College,4,502,38,6.22059017,3.663561646,US,90,Low (<100K)
Southeast Missouri State University,Southeast Missouri State University,4,76440,3663,11.24427448,8.206310726,US,100,Low (<100K)
Southern New Hampshire University,Southern New Hampshire University,12,9990,1336,9.209439967,7.198183577,US,100,Low (<100K)
Southern University System,Southern University; Southern University System,13,15735,200,9.66370636,5.303304908,US,95,Low (<100K)
Southern University at Shreveport,Southern University At Shreveport,3,3908,147,8.271036866,4.997212274,US,100,Low (<100K)
Spelman College,Spelman College,4,33466,1749,10.41831516,7.467371067,US,100,Low (<100K)
Spokane Falls Community College,Spokane Falls Community College,6,2480,135,7.816416984,4.912654886,US,100,Low (<100K)
Springfield Technical Community College,Springfield Technical Community College,3,1421,196,7.25981961,5.283203729,US,100,Low (<100K)
St. Augustine College,Augustine College,3,21119,1336,9.957975738,7.198183577,US,95,Low (<100K)
St. Bonaventure University,Bonaventure University,6,38276,3134,10.55260447,8.050384453,US,95,Low (<100K)
St. Francis Xavier University,Xavier University,16,277820,9026,12.5347323,9.107975365,CA,90,Medium (100K-1M)
St. Paul's Co-educational College,Educational College,3,46962,1171,10.75711534,7.06646697,CN,90,Low (<100K)
Stanford University,Hoover Institution At Stanford University; Stanford University; Stanford University Center; Stanford University Cyber Policy Center; Stanford University Hoover Institution; Stanford University Internet Observatory; University Of Stanford; University Stanford,120,86691256,526392,18.27786359,13.17380336,US,90,Elite (5M+)
Stellenbosch University,University Of Stellenbosch,3,4093020,87245,15.22479389,11.37648699,ZA,95,High (1M-5M)
Stenden University of Applied Sciences,Stenden University Of Applied Sciences,4,31547,1703,10.35926547,7.440733707,NL,100,Low (<100K)
Stevens Institute of Technology,Stevens Institute Of Technology,12,934179,23115,13.74742442,10.0482803,US,100,Medium (100K-1M)
Stillman College,Stillman College,8,2159,172,7.677863501,5.153291594,US,100,Low (<100K)
Stratford University,Stratford University,3,126541,2689,11.74832955,7.897296473,US,100,Medium (100K-1M)
Strathmore University,Strathmore University,6,24923,3187,10.12358647,8.06714904,KE,100,Low (<100K)
Strayer University,Strayer University,4,3456,221,8.14815644,5.402677382,US,100,Low (<100K)
Suffolk University,Suffolk University,3,211093,8020,12.26005881,8.989818381,US,100,Medium (100K-1M)
Swansea University,Swansea University,5,3475736,63237,15.0613171,11.05466067,GB,100,High (1M-5M)
Swedish University of Agricultural Sciences,Swedish University,4,5308686,63860,15.48485509,11.06446413,SE,90,Elite (5M+)
Swinburne University of Technology,Swinburne University; Swinburne University Of Technology,21,2904717,68332,14.88184687,11.13214809,AU,90,High (1M-5M)
Syracuse University,Syracuse University,33,6493545,76296,15.68631932,11.2423889,US,100,Elite (5M+)
Technical College System of Georgia,Technical College System,4,2793,90,7.93522954,4.510859507,US,95,Low (<100K)
Technical University of Moldova,Technical University Of Moldova,6,74841,3819,11.2231345,8.248005702,MD,100,Low (<100K)
Technical University of Munich,S Technical University; Technical University; Technical University Munich; Technical University Of Munich,33,18619022,225716,16.73969436,12.32703728,DE,90,Elite (5M+)
Technion – Israel Institute of Technology,Israel Institute Of Technology; Technion Institute Of Technology,20,8050438,113994,15.90123718,11.64390987,IL,95,Elite (5M+)
Technological University Dublin,Technological University Dublin,7,208361,10639,12.24703223,9.272375763,IE,100,Medium (100K-1M)
Tel Aviv University,Aviv University; University Of Tel Aviv,17,17210482,205125,16.66102923,12.2313797,IL,95,Elite (5M+)
Temple University,Temple University,20,6756578,101020,15.72602725,11.5230837,US,100,Elite (5M+)
Texas A&M University,Texas A M University,41,18676337,243773,16.74276793,12.40399685,US,100,Elite (5M+)
Texas A&M University System,Texas A M University System,7,1125345,11532,13.9336011,9.35296777,US,100,High (1M-5M)
Texas State Technical College Harlingen,Texas State Technical College,4,3132,210,8.049746291,5.351858133,US,95,Low (<100K)
Thammasat University,Thammasat University,3,479705,22416,13.0809287,10.01757488,TH,100,Medium (100K-1M)
The University of Adelaide,University Of Adelaide,19,29713242,150326,17.2071034,11.9205682,AU,95,Elite (5M+)
The University of Arizona Global Campus,University Of Arizona Global Campus,4,33408,1429,10.4165806,7.265429723,US,95,Low (<100K)
The University of Melbourne,University Of Melbourne,31,30505338,343566,17.23341228,12.74713742,AU,95,Elite (5M+)
The University of Sydney,University Of Sydney; University Of The,40,26703213,333127,17.10029449,12.71628208,AU,95,Elite (5M+)
The University of Texas System,University Of Texas System,3,712522,4793,13.47656747,8.475120415,US,95,Medium (100K-1M)
The University of Texas at Arlington,University Of Texas At Arlington,11,3878975,50021,15.17108176,10.82021819,US,95,High (1M-5M)
The University of Texas at Austin,University Of Texas At Austin,47,23706775,354050,16.98127147,12.77719625,US,95,Elite (5M+)
The University of Texas at Dallas,University Of Texas At Dallas,14,3563247,48382,15.08618305,10.78690379,US,95,High (1M-5M)
The University of Texas at El Paso,University Of Texas At El Paso; University Of Texas El Paso,11,1394646,33504,14.14815189,10.41944996,US,95,High (1M-5M)
The University of Texas at San Antonio Health Science Center,University Of Texas At San Antonio,48,9408327,71085,16.05710581,11.17164569,US,90,Elite (5M+)
The University of Texas at Tyler,University Of Texas At Tyler,6,123679,5966,11.72545286,8.693999568,US,95,Medium (100K-1M)
The University of Tokyo,University Of Tokyo,5,46398688,506220,17.65278176,13.13472861,JP,95,Elite (5M+)
The University of Western Australia,University Of Western Australia,14,13208110,157271,16.39634167,11.96573207,AU,95,Elite (5M+)
Thomas College,Thomas College,6,36857,1540,10.51482797,7.340186835,US,100,Low (<100K)
Tiffin University,Tiffin University,3,3026,252,8.015327309,5.533389489,US,100,Low (<100K)
Tilburg University,Tilburg University,4,2077037,48717,14.5464534,10.79380385,NL,100,High (1M-5M)
Toronto Metropolitan University,Rogers Cybersecure Catalyst At Toronto Metropolitan University,3,1486395,55528,14.21186496,10.92466069,CA,90,High (1M-5M)
Torrens University Australia,Australia University; Torrens University,7,109095,4055,11.59998351,8.307952545,AU,90,Medium (100K-1M)
Tougaloo College,Tougaloo College,5,20747,448,9.940205135,6.107022888,US,100,Low (<100K)
Towson University,Towson University,6,348339,13695,12.76093429,9.524859098,US,100,Medium (100K-1M)
Tribhuvan University,Tribhuvan University,3,515150,31370,13.15221534,10.35363918,NP,100,Medium (100K-1M)
Trinity College Dublin,Trinity College; Trinity College Dublin,20,7798620,95555,15.86945748,11.46746774,IE,95,Elite (5M+)
Troy University,Troy University,7,95996,3923,11.47207222,8.274866821,US,100,Low (<100K)
Tsinghua University,Tsinghua University,19,33039328,373899,17.3132092,12.83174366,CN,100,Elite (5M+)
Tufts University,Fletcher School At Tufts University; Fletcher School Of Tufts University; Tufts University; Tufts University Fletcher School,61,12783244,117059,16.36364589,11.6704419,US,90,Elite (5M+)
Tulane University,Tulane University,17,7464847,84196,15.82571563,11.34091457,US,100,Elite (5M+)
Turtle Mountain Community College,Turtle Mountain Community College,8,1976,87,7.589335823,4.477336814,US,100,Low (<100K)
Tuskegee University,Tuskegee University,9,205467,5302,12.23304558,8.576027977,US,100,Medium (100K-1M)
United States Army War College,United States Army War College,3,13870,1137,9.537555609,7.037027615,US,100,Low (<100K)
United States International University Africa,United States International University,6,11067,1078,9.311813341,6.983789965,KE,95,Low (<100K)
United Tribes Technical College,United Tribes Technical College,3,1614,87,7.387090236,4.477336814,US,100,Low (<100K)
University College Cork,University College Cork,10,4533750,62399,15.32706019,11.04132055,IE,100,High (1M-5M)
University College Dublin,University College Dublin,12,6836943,105656,15.73785141,11.56795328,IE,100,Elite (5M+)
University College London,University College; University College London; University College Of London,53,65134453,579590,17.99196421,13.27007796,GB,95,Elite (5M+)
University College of Applied Science,College Of Applied Science,4,14162,1031,9.558388209,6.939253946,PS,95,Low (<100K)
University System of Georgia,University System Of Georgia,21,22495,500,10.02109279,6.216606101,US,100,Low (<100K)
University System of Maryland,University Of Maryland; University Of Maryland Medical System; University System Of Maryland,72,64603,1291,11.07603161,7.163946684,US,95,Low (<100K)
"University at Albany, State University of New York",University At Albany,15,4099599,53526,15.22639997,10.88794148,US,90,High (1M-5M)
"University at Buffalo, State University of New York",University At Buffalo,20,11326826,140997,16.24268454,11.85650098,US,90,Elite (5M+)
University of Aberdeen,University Of Aberdeen,5,7239269,96449,15.79503093,11.47678002,GB,100,Elite (5M+)
University of Abuja,University Of Abuja,5,73395,8713,11.20362472,9.072686207,NG,100,Low (<100K)
University of Akron,University Of Akron,9,1952380,34833,14.48456021,10.4583492,US,100,High (1M-5M)
University of Alabama System,University Of Alabama; University Of Alabama System,48,19715,527,9.889185768,6.269096284,US,95,Low (<100K)
University of Alabama at Birmingham,University Of Alabama At Birmingham,15,15919293,155818,16.58304239,11.95645036,US,100,Elite (5M+)
University of Alaska Fairbanks,University Of Alaska; University Of Alaska Fairbanks,7,2122415,32495,14.56806562,10.38887228,US,90,High (1M-5M)
University of Alberta,University Of Alberta,14,20884138,264202,16.85450053,12.48447303,CA,100,Elite (5M+)
University of Amsterdam,University Of Amsterdam,9,25243752,234813,17.04408928,12.36654899,NL,100,Elite (5M+)
University of Antwerp,University Antwerp,3,9255372,95032,16.04071481,11.46197948,BE,95,Elite (5M+)
University of Applied Sciences Leiden,University Of Applied Science Berlin,3,313457,6465,12.65542066,8.774312958,NL,90,Medium (100K-1M)
University of Arizona,University Of Arizona,32,22780140,259447,16.94139971,12.46631158,US,100,Elite (5M+)
University of Arkansas at Little Rock,University Of Arkansas At Little Rock,27,516643,11776,13.15510933,9.373903756,US,100,Medium (100K-1M)
University of Arkansas at Pine Bluff,University Of Arkansas At Pine Bluff,5,61410,1646,11.02534425,7.40671073,US,100,Low (<100K)
University of Auckland,University Of Auckland; Zealand University Of Auckland,20,9838696,141682,16.10183384,11.86134745,NZ,95,Elite (5M+)
University of Baltimore,University Of Baltimore,4,2038840,29610,14.52789207,10.29590119,US,100,High (1M-5M)
University of Basel,University Basel,4,10511123,109310,16.16794468,11.60195231,CH,95,Elite (5M+)
University of Bath,University Of Bath,6,4487664,75252,15.31684308,11.22861105,GB,100,High (1M-5M)
University of Benin,University Of Benin,4,246400,15443,12.41471557,9.644975857,NG,100,Medium (100K-1M)
University of Birmingham,Birmingham University; University Of Birmingham,30,22614381,216764,16.93409663,12.2865691,GB,95,Elite (5M+)
University of Bologna,University Of Bologna,4,18401269,220195,16.72793024,12.30227334,IT,100,Elite (5M+)
University of Bonn,University Bonn; University Of Bonn,9,17388008,166738,16.67129139,12.02418499,DE,95,Elite (5M+)
University of Bradford,University Of Bradford,7,1426889,35134,14.17100781,10.46695306,GB,100,High (1M-5M)
University of Bremen,University Bremen; University Of Bremen,7,3560678,75882,15.08546181,11.23694796,DE,95,High (1M-5M)
University of Bristol,University Of Bristol,18,21454035,214034,16.88142334,12.27389483,GB,100,Elite (5M+)
University of British Columbia,University Of British Columbia; University Of Columbia,23,32169237,373659,17.28652121,12.83110157,CA,95,Elite (5M+)
University of Bucharest,University Bucharest; University Of Bucharest,15,931740,38283,13.74481016,10.55278733,RO,95,Medium (100K-1M)
University of Buckingham,University Of Buckingham,5,80641,4057,11.29777488,8.30844552,GB,100,Low (<100K)
University of Cagliari,University Of Cagliari,3,3430323,52413,15.04816528,10.86692901,IT,100,High (1M-5M)
University of Calabria,University Of Calabria,3,3292408,41972,15.00713007,10.64478183,IT,100,High (1M-5M)
University of Calgary,University Of Calgary,44,14408531,197284,16.48333109,12.19240466,CA,100,Elite (5M+)
University of California San Diego,University Of California At San Diego; University Of California San Diego; University Of California San Diego Health; University Of San Diego,68,50310207,354367,17.73371856,12.7780912,US,95,Elite (5M+)
"University of California, Berkeley",University Of California; University Of California At Berkeley; University Of California Berkeley,111,55909022,448662,17.83923634,13.01402733,US,95,Elite (5M+)
"University of California, Irvine",University Of California At Irvine; University Of California Irvine,6,20059893,191882,16.81423306,12.16464109,US,97,Elite (5M+)
"University of California, Los Angeles",University Of California At Los Angeles,4,51525274,413879,17.75758302,12.93333136,US,97,Elite (5M+)
"University of California, Riverside",University Of California At Riverside; University Of California Riverside,6,10629892,103950,16.17918068,11.55167491,US,97,Elite (5M+)
"University of California, San Francisco",University Of California At San Francisco; University Of California San Francisco; University Of San Francisco,48,48927047,297258,17.70584093,12.60235909,US,95,Elite (5M+)
"University of California, Santa Cruz",University Of California Santa Cruz,4,11998136,76447,16.30026195,11.24436605,US,99,Elite (5M+)
University of Cambridge,University Of Cambridge,63,53250376,446465,17.79051544,13.00911853,GB,100,Elite (5M+)
University of Canberra,University Of Canberra,14,1188013,35748,13.98779356,10.48427758,AU,100,High (1M-5M)
University of Canterbury,University Of Canterbury,3,2554447,52762,14.75334671,10.87356547,NZ,100,High (1M-5M)
University of Cape Coast,University Of Cape Coast,7,337056,16917,12.72800733,9.736133423,GH,100,Medium (100K-1M)
University of Cape Town,University Of Cape Town,14,7490008,323564,15.82908056,12.6871553,ZA,100,Elite (5M+)
University of Catania,University Of Catania,9,4811734,76585,15.38656828,11.24616957,IT,100,High (1M-5M)
University of Central Arkansas,University Of Central Arkansas,4,117732,4594,11.67617463,8.432724035,US,100,Medium (100K-1M)
University of Central Florida,University Of Central Florida,37,4525127,86886,15.32515642,11.3723637,US,100,High (1M-5M)
University of Central Missouri,University Of Central Missouri,4,56104,5039,10.93498021,8.525161361,US,100,Low (<100K)
University of Charleston,University Of Charleston,5,99399,3310,11.50690739,8.105005538,US,100,Low (<100K)
University of Chicago,University Of Chicago; University Of Chicago Cyber Policy Initiative; University Of Chicago Medicine,77,34349704,306524,17.35210399,12.6330546,US,90,Elite (5M+)
University of Chile,University Of Chile,4,4684280,113084,15.35972299,11.63589503,CL,100,High (1M-5M)
University of Cincinnati,University Of Cincinnati; University Of Cincinnati School Of Information Technology,25,9902267,129351,16.10827438,11.77029265,US,90,Elite (5M+)
University of Colorado Boulder,University Of Colorado; University Of Colorado At Boulder; University Of Colorado Boulder; University Of Colorado Colorado,54,18572338,166563,16.73718388,12.0231349,US,95,Elite (5M+)
University of Colorado Denver,University Of Colorado Denver,5,14569871,144679,16.49446639,11.88227969,US,100,Elite (5M+)
University of Connecticut,University Of Connecticut,18,8296436,117571,15.9313367,11.67480619,US,100,Elite (5M+)
University of Copenhagen,University Of Copenhagen,4,26947449,286379,17.10939923,12.56507488,DK,100,Elite (5M+)
University of Craiova,University Craiova,3,165502,13972,12.0167446,9.544882175,RO,95,Medium (100K-1M)
University of Cyprus,University Of Cyprus,10,1766736,30324,14.3846449,10.31972773,CY,100,High (1M-5M)
University of Dayton,University Of Dayton,11,748001,22912,13.52516093,10.03945971,US,100,Medium (100K-1M)
University of Defence,University Defence,3,146416,5728,11.89421399,8.653296274,CZ,95,Medium (100K-1M)
University of Delaware,University Of Delaware,37,7062554,96326,15.77031744,11.47550393,US,100,Elite (5M+)
University of Delhi,University Of Delhi,3,3693543,81059,15.12209699,11.3029449,IN,100,High (1M-5M)
University of Denver,University Of Denver,19,1477755,30974,14.20603528,10.34093571,US,100,High (1M-5M)
University of Detroit Mercy,University Of Detroit Mercy,4,136002,6019,11.82043222,8.702842538,US,100,Medium (100K-1M)
University of Doha for Science and Technology,University Of Doha,6,5603,396,8.631235907,5.983936281,QA,90,Low (<100K)
University of Dubai,University Of Dubai,6,51252,3541,10.84452943,8.172446818,AE,100,Low (<100K)
University of Duisburg-Essen,University Duisburg; University Of Duisburg,10,5137244,85172,15.4520275,11.35243976,DE,95,Elite (5M+)
University of Dundee,Dundee University,3,6549410,62742,15.69488568,11.0468023,GB,95,Elite (5M+)
University of East Anglia,University Of East Anglia,9,5373115,72082,15.49691856,11.18557351,GB,100,Elite (5M+)
University of East London,University Of East London,4,368858,12760,12.81816974,9.454148924,GB,100,Medium (100K-1M)
University of Edinburgh,University Of Edinburgh,20,25924850,280334,17.07071256,12.5437406,GB,100,Elite (5M+)
University of Electro-Communications,University Communications,4,867170,30467,13.67299147,10.32443223,JP,95,Medium (100K-1M)
University of Electronic Science and Technology of China,University Of Electronic Science,4,7515169,143118,15.8324342,11.87143173,CN,90,Elite (5M+)
University of Essex,University Of Essex,5,2081881,49602,14.54878285,10.81180659,GB,100,High (1M-5M)
University of Exeter,University Of Exeter,7,7395267,116702,15.81635089,11.66738752,GB,100,Elite (5M+)
University of Florence,University Of Florence,7,10591124,142902,16.17552694,11.86992136,IT,100,Elite (5M+)
University of Florida,University Of Florida,45,30411866,359928,17.23034345,12.79366207,US,100,Elite (5M+)
University of Florida Health,University Of Florida Health,6,1087732,15543,13.89960627,9.651429991,US,100,High (1M-5M)
University of Geneva,University Of Geneva,10,15591422,131504,16.56223151,11.78680015,CH,100,Elite (5M+)
University of Genoa,University Of Genoa,15,7528648,100631,15.83422617,11.51922558,IT,100,Elite (5M+)
University of Georgia,University Of Georgia,29,11835627,141386,16.28662486,11.85925609,US,100,Elite (5M+)
University of Ghana,University Of Ghana,11,1123716,39273,13.9321525,10.578318,GH,100,High (1M-5M)
University of Glasgow,University Of Glasgow,13,22934500,192699,16.94815293,12.16888985,GB,100,Elite (5M+)
University of Gloucestershire,University Of Gloucestershire,13,182576,5831,12.11492728,8.671115274,GB,100,Medium (100K-1M)
University of Greenwich,University Of Greenwich,6,777323,21292,13.56361253,9.966133659,GB,100,Medium (100K-1M)
University of Groningen,University Groningen,4,20216965,181365,16.82203271,12.10827237,NL,95,Elite (5M+)
University of Guam,University Of Guam,3,106512,4060,11.57602232,8.309184528,GU,100,Medium (100K-1M)
University of Guelph,University Of Guelph,22,6185657,94495,15.63774394,11.45631278,CA,100,Elite (5M+)
University of Haifa,Haifa University; University Of Haifa,14,1966798,49460,14.49191791,10.80893976,IL,95,High (1M-5M)
University of Hawaii Maui College,University Of Hawai; University Of Hawaii Maui College,23,9006,362,9.105757332,5.894402834,US,90,Low (<100K)
University of Hawaii System,University Of Hawaii,22,5910062,61639,15.59216705,11.02906629,US,95,Elite (5M+)
University of Helsinki,University Of Helsinki,4,21600270,220233,16.88821642,12.3024459,FI,100,Elite (5M+)
University of Hertfordshire,University Of Hertfordshire,7,1647342,33014,14.31467424,10.40471728,GB,100,High (1M-5M)
University of Hong Kong,University Of Hong Kong,11,21875735,228922,16.90088864,12.34114098,HK,100,Elite (5M+)
University of Houston,University Of Houston,30,6579624,104201,15.69948831,11.5540866,US,100,Elite (5M+)
University of Hull,University Of Hull,4,2133301,46890,14.57318157,10.75558104,GB,100,High (1M-5M)
University of Ibadan,University Of Ibadan,11,1435267,51327,14.17686215,10.84599169,NG,100,High (1M-5M)
University of Idaho,University Of Idaho,39,2130448,46264,14.57184331,10.74214101,US,100,High (1M-5M)
University of Illinois Chicago,University Of Illinois; University Of Illinois At Chicago; University Of Illinois Chicago,50,17469178,197933,16.67594869,12.19568892,US,95,Elite (5M+)
University of Illinois Urbana-Champaign,University Of Illinois At Urbana-Champaign; University Of Illinois Urbana-Champaign,31,32222247,331081,17.2881677,12.71012136,US,96,Elite (5M+)
University of Ilorin,University Of Ilorin; University Of Lorraine,24,384194,21777,12.85890552,9.988655565,NG,90,Medium (100K-1M)
University of Indonesia,University Indonesia; University Of Indonesia,13,1389368,91908,14.14436025,11.42855424,ID,95,High (1M-5M)
University of Iowa,University Of Iowa,16,18806793,192221,16.74972875,12.16640623,US,100,Elite (5M+)
University of Johannesburg,University Of Johannesburg,22,1901864,110766,14.45834554,11.61518417,ZA,100,High (1M-5M)
University of Kansas,Kansas University; University Of Arkansas; University Of Kansas; University Of Kansas School Of Engineering,68,7805301,115489,15.8703138,11.65693923,US,90,Elite (5M+)
University of Kashmir,University Of Kashmir,3,506727,14087,13.13572965,9.55307865,IN,100,Medium (100K-1M)
University of Kent,University Of Kent; University Of Kentucky Information Technology Services,30,2099036,54737,14.55698923,10.91031345,GB,90,High (1M-5M)
University of Kentucky,University Of Kentucky,26,10848172,162523,16.19950724,11.99858096,US,100,Elite (5M+)
University of KwaZulu-Natal,University Of Kwazulu,6,3856170,81955,15.16518528,11.3139378,ZA,95,High (1M-5M)
University of Lagos,University Of Lagos,11,498918,27572,13.12019904,10.22459231,NG,100,Medium (100K-1M)
University of Lancashire,University Of Central Lancashire,11,848701,19181,13.6514634,9.861727618,GB,95,Medium (100K-1M)
University of Latvia,Latvia University; University Of Latvia; University Of Latvia Institute Of Mathematics,11,589665,24145,13.28731155,10.09187401,LV,90,Medium (100K-1M)
University of Lausanne,University Of Lausanne,13,9746357,104590,16.09240423,11.55781278,CH,100,Elite (5M+)
University of Leeds,University Of Leeds,14,13752848,194791,16.43675656,12.1796876,GB,100,Elite (5M+)
University of Leicester,University Of Leicester,4,8263407,106556,15.92734765,11.57643533,GB,100,Elite (5M+)
University of Lethbridge,University Of Lethbridge,4,786570,16790,13.57543827,9.728598308,CA,100,Medium (100K-1M)
University of Liberal Arts Bangladesh,University Of Liberal Arts Bangladesh,3,16285,1341,9.698061122,7.201916318,BD,100,Low (<100K)
University of Limerick,University Of Limerick,22,1507290,37365,14.22582456,10.52851648,IE,100,High (1M-5M)
University of Liverpool,University Of Liverpool,8,17683906,220601,16.68816557,12.30411545,GB,100,Elite (5M+)
University of Louisiana at Lafayette,University Of Louisiana,4,476378,15488,13.07396903,9.647885374,US,90,Medium (100K-1M)
University of Louisville,University Of Louisville,19,5609153,73793,15.53991046,11.20903271,US,100,Elite (5M+)
University of Luxembourg,University Of Luxembourg; University Of Luxembourg Interdisciplinary Centre For Security,22,1560580,63165,14.26056875,11.05352146,LU,90,High (1M-5M)
University of Madras,University Of Madras,3,908450,21603,13.71949623,9.980633762,IN,100,Medium (100K-1M)
University of Maine,University Of Maine,4,1815512,33739,14.41187863,10.42643936,US,100,High (1M-5M)
University of Maine at Augusta,University Of Maine At Augusta,9,9295,567,9.137339479,6.342121419,US,100,Low (<100K)
University of Maine at Presque Isle,University Of Maine At Presque Isle,3,10130,608,9.223355309,6.411818268,US,100,Low (<100K)
University of Malta,University Of Malta,10,559355,30374,13.2345414,10.32137518,MT,100,Medium (100K-1M)
University of Manchester,England University Of Manchester; University Of Manchester,44,28611202,313136,17.16930891,12.65439607,GB,95,Elite (5M+)
University of Manitoba,University Of Manitoba,10,7534084,116297,15.83494795,11.66391114,CA,100,Elite (5M+)
University of Mary Washington,University Of Mary Washington,5,81106,2669,11.30352455,7.889833751,US,100,Low (<100K)
University of Maryland Eastern Shore,University Of Maryland Eastern Shore,3,87440,3365,11.37871956,8.121480375,US,100,Low (<100K)
University of Maryland Global Campus,University Of Maryland Global Campus,26,4152,803,8.331586244,6.689599269,US,100,Low (<100K)
"University of Maryland, Baltimore",University Of Maryland At Baltimore; University Of Maryland Baltimore,8,16277886,129298,16.60531812,11.76988283,US,97,Elite (5M+)
"University of Maryland, College Park",University Of Maryland College Park; University Of Maryland University College,9,24038645,241034,16.99517334,12.39269743,US,95,Elite (5M+)
University of Massachusetts Amherst,University Of Massachusetts; University Of Massachusetts Amherst,27,11073433,124720,16.22005946,11.73383452,US,95,Elite (5M+)
University of Massachusetts Dartmouth,University Of Massachusetts Dartmouth,3,461296,11562,13.04179737,9.355565624,US,100,Medium (100K-1M)
University of Massachusetts Lowell,University Of Massachusetts Lowell,6,1210444,26061,14.00649862,10.16823359,US,100,High (1M-5M)
University of Memphis,University Of Memphis,11,1894083,38400,14.4542459,10.55583878,US,100,High (1M-5M)
University of Miami,University Of Miami,17,13975669,169433,16.45282852,12.04021875,US,100,Elite (5M+)
University of Michigan,Michigan University; University Of Michigan; University Of Michigan Health; University Of Michigan National Poll On Healthy; University Of Michigan Professor Of Computer Science; University Of Michigan School Of Information,101,65924778,980613,18.00402494,13.79593419,US,90,Elite (5M+)
University of Milan,University Of Milan; University State Of Milan,10,18326889,374111,16.72387994,12.8323105,IT,95,Elite (5M+)
University of Minnesota,University Of Minnesota; University Of Minnesota Center; University Of Minnesota Food Protection; University Of Minnesota Technological Leadership Institute,54,36469734,334875,17.4119933,12.72151559,US,90,Elite (5M+)
University of Mississippi,University Of Mississippi,4,3001021,62011,14.91446346,11.03508319,US,100,High (1M-5M)
University of Missouri,Missouri University Of Science; University Of Missouri; University Of Missouri Health Care,35,8932826,133102,16.00524348,11.79887854,US,90,Elite (5M+)
University of Modena and Reggio Emilia,University Of Modena,7,4487389,63458,15.3167818,11.05814931,IT,90,High (1M-5M)
University of Molise,University Of Molise,6,592204,12821,13.29160814,9.458917725,IT,100,Medium (100K-1M)
University of Montana,University Of Montana,11,2907472,39157,14.88279488,10.57536002,US,100,High (1M-5M)
University of Mpumalanga,University Of Mpumalanga,3,26010,2052,10.1662748,7.627057417,ZA,100,Low (<100K)
University of Mumbai,University Of Mumbai,4,577339,18291,13.26618663,9.814219085,IN,100,Medium (100K-1M)
University of Nairobi,University Of Nairobi,7,913757,33084,13.72532105,10.40683529,KE,100,Medium (100K-1M)
University of Nebraska at Kearney,University Of Nebraska At Kearney,3,142663,5338,11.86824749,8.582793649,US,100,Medium (100K-1M)
University of Nebraska at Omaha,University Of Nebraska At Omaha,9,737296,22212,13.51074608,10.00843298,US,100,Medium (100K-1M)
University of Nebraska–Lincoln,University Of Nebraska,36,8239117,108318,15.92440386,11.59283586,US,95,Elite (5M+)
"University of Nevada, Reno",University Of Nevada,25,3070483,52150,14.93734576,10.86189864,US,95,High (1M-5M)
University of New Brunswick,University Of New Brunswick,20,1890095,38301,14.45213818,10.55325739,CA,100,High (1M-5M)
University of New England,England University; University Of New England,11,1341808,25419,14.10952926,10.14329154,AU,95,High (1M-5M)
University of New Hampshire,University Of New Hampshire,7,2828984,37900,14.85542855,10.54273278,US,100,High (1M-5M)
University of New Haven,University Of New Haven,25,488764,9825,13.09963708,9.192787213,US,100,Medium (100K-1M)
University of New Mexico,University Of New Mexico,10,8423193,99980,15.94649965,11.51273545,US,100,Elite (5M+)
University of New Orleans,University Of New Orleans,6,1145459,20721,13.95131686,9.938951217,US,100,High (1M-5M)
University of Nicosia,University Of Corsica; University Of Nicosia,12,213677,10079,12.27222549,9.218308542,CY,90,Medium (100K-1M)
University of Nigeria,University Of Nigeria,5,738218,37389,13.51199581,10.52915857,NG,100,Medium (100K-1M)
University of North Carolina Wilmington,University Of North Carolina Wilmington,6,511007,13921,13.14414052,9.541225602,US,100,Medium (100K-1M)
University of North Carolina at Chapel Hill,University Of North Carolina At Chapel Hill,23,34624548,353152,17.3600735,12.77465667,US,100,Elite (5M+)
University of North Carolina at Charlotte,University Of North Carolina; University Of North Carolina At Charlotte; University Of North Carolina Charlotte,36,1787457,41762,14.39630506,10.63976606,US,95,High (1M-5M)
University of North Carolina at Pembroke,University Of North Carolina At Pembroke,3,113712,5393,11.64143301,8.593042504,US,100,Medium (100K-1M)
University of North Dakota,University Of North Dakota,6,1203473,25076,14.00072293,10.12970637,US,100,High (1M-5M)
University of North Florida,University Of North Florida,10,285358,11811,12.56150332,9.376871243,US,100,Medium (100K-1M)
University of North Georgia,University Of North Georgia,37,32249,2612,10.38127332,7.868254266,US,100,Low (<100K)
University of North Texas,University Of North Texas; University Of Texas,70,3087555,61550,14.9428904,11.02762138,US,95,High (1M-5M)
University of Northampton,University Of Northampton,4,165711,6868,12.01800662,8.834773814,GB,100,Medium (100K-1M)
University of Notre Dame,University Of Notre Dame,29,8248356,98967,15.92552459,11.50255184,US,100,Elite (5M+)
University of Nottingham,University Of Nottingham,15,13551953,187031,16.4220413,12.139035,GB,100,Elite (5M+)
University of Oklahoma,University Of Oklahoma,18,6476066,89656,15.68362394,11.40374656,US,100,Elite (5M+)
University of Oregon,University Of Oregon,18,7279977,57378,15.8006384,10.95743366,US,100,Elite (5M+)
University of Oslo,University Of Oslo,7,15595514,188756,16.56249393,12.14821575,NO,100,Elite (5M+)
University of Otago,University Of Otago,6,6474655,91528,15.68340604,11.42441114,NZ,100,Elite (5M+)
University of Ottawa,University Of Ottawa,28,12116752,165172,16.3100996,12.01474869,CA,100,Elite (5M+)
University of Oulu,University Of Oulu,4,5808062,75599,15.57475768,11.23321156,FI,100,Elite (5M+)
University of Oxford,Oxford University; University Of Oxford; University Oxford,155,62747514,590904,17.95462953,13.28941054,GB,95,Elite (5M+)
University of Padua,University Of Padova,6,19602081,211177,16.79114634,12.26045666,IT,92,Elite (5M+)
University of Palermo,University Of Palermo,5,4900488,78670,15.40484555,11.27302988,IT,100,High (1M-5M)
University of Pennsylvania,University Of Pennsylvania,43,54486122,379869,17.8134566,12.84758437,US,100,Elite (5M+)
University of Perugia,University Of Perugia,4,6681422,67482,15.71484155,11.11963099,IT,100,Elite (5M+)
University of Phoenix,University Of Phoenix,19,152629,6874,11.93577197,8.835646923,US,100,Medium (100K-1M)
University of Piraeus,University Of Piraeus,6,332444,12136,12.71422971,9.404013917,GR,100,Medium (100K-1M)
University of Pisa,University Of Paris; University Of Pisa; University Pisa,18,12504797,135170,16.34162297,11.81429592,IT,92,Elite (5M+)
University of Pittsburgh,University Of Pittsburgh; University Of Pittsburgh Institute For Cyber Law,37,33725966,295991,17.33377863,12.59808771,US,90,Elite (5M+)
University of Plymouth,University Of Plymouth,20,2146386,37693,14.57929652,10.53725621,GB,100,High (1M-5M)
University of Portsmouth,Portsmouth University; University Of Portsmouth,25,2276391,38020,14.63810229,10.54589392,GB,95,High (1M-5M)
University of Potsdam,University Potsdam,14,2910296,61273,14.8837657,11.02311089,DE,95,High (1M-5M)
University of Pretoria,University Of Pretoria,6,3146032,95918,14.96165285,11.47125936,ZA,100,High (1M-5M)
University of Professional Studies,University Of Professional,3,29519,2572,10.29282328,7.852827812,GH,95,Low (<100K)
University of Puerto Rico System,University Of Puerto Rico,4,996669,18046,13.812175,9.800734745,PR,95,Medium (100K-1M)
University of Reading,Reading University; University Of Reading,14,5309079,88763,15.48492912,11.39373644,GB,95,Elite (5M+)
University of Regina,University Of Regina,7,1182682,24591,13.98329614,10.11017647,CA,100,High (1M-5M)
University of Rhode Island,University Of Rhode Island,17,2446936,41864,14.7103476,10.64220543,US,100,High (1M-5M)
University of Richmond,University Of Richmond,3,477445,17862,13.07620634,9.790486813,US,100,Medium (100K-1M)
University of Rochester,University Of Rochester,12,15780982,146464,16.57431617,11.89454177,US,100,Elite (5M+)
University of Salerno,University Of Salerno,13,3509244,56210,15.07091147,10.93686775,IT,100,High (1M-5M)
University of Salford,University Of Salford,6,1454735,39735,14.190335,10.59001286,GB,100,High (1M-5M)
University of Santo Tomas,University Of Santo Tomas,6,132753,6483,11.79625307,8.777092883,PH,100,Medium (100K-1M)
University of Saskatchewan,University Of Saskatchewan,9,5459543,95187,15.51287583,11.46360916,CA,100,Elite (5M+)
University of Scranton,University Of Scranton,7,127796,4568,11.75819835,8.427049642,US,100,Medium (100K-1M)
University of Sheffield,University Of Sheffield,9,15769904,190072,16.57361393,12.15516349,GB,100,Elite (5M+)
University of Siena,University Of Siena,3,4777698,60479,15.37946961,11.01006801,IT,100,High (1M-5M)
University of South Alabama,University Of South Alabama,8,1408949,21858,14.1583553,9.992368015,US,100,High (1M-5M)
University of South Australia,University Of South Australia,10,3665306,59107,15.11442266,10.98712156,AU,100,High (1M-5M)
University of South Carolina,University Of South Carolina,27,7212300,102493,15.7912986,11.53755954,US,100,Elite (5M+)
University of South Carolina Aiken,University Of South Carolina Aiken,7,70267,1893,11.16007178,7.546446274,US,100,Low (<100K)
University of South Carolina Beaufort,University Of South Carolina Beaufort,4,113644,1773,11.64083483,7.480992163,US,100,Medium (100K-1M)
University of South Florida,University Of South Florida; University Of South Florida Cyber Florida,50,7989635,130364,15.89365576,11.77809349,US,90,Elite (5M+)
University of South Wales,University Of New South Wales; University Of South Wales,60,491244,14542,13.10469826,9.584865057,GB,95,Medium (100K-1M)
University of Southampton,University Of Southampton,11,12951912,184494,16.37675406,12.12537764,GB,100,Elite (5M+)
University of Southern California,University Of Southern California; University Of Southern California Election Cybersecurity Initiative,45,27717953,273387,17.13759092,12.51864731,US,90,Elite (5M+)
University of Southern Maine,University Of Southern Maine,7,156153,4954,11.95859798,8.508152447,US,100,Medium (100K-1M)
University of Southern Mississippi,University Of Southern Mississippi,13,933497,21080,13.7466941,9.95612744,US,100,Medium (100K-1M)
University of St Andrews,University Of St Andrews,3,4755063,79024,15.37472071,11.27751954,GB,100,High (1M-5M)
University of Strathclyde,Strathclyde University; University Of St; University Of Strathclyde,30,4462874,87368,15.31130374,11.37789581,GB,90,High (1M-5M)
University of Stuttgart,University Of Stuttgart,3,5269934,157877,15.47752859,11.96957786,DE,100,Elite (5M+)
University of Sunderland,University Of Sunderland,6,242833,8411,12.40013336,9.037414537,GB,100,Medium (100K-1M)
University of Surrey,England University Of Surrey; Surrey University; University Of Surrey; University Of Surrey Woodward,101,4132517,81438,15.23439746,11.30760955,GB,95,High (1M-5M)
University of Sussex,University Of Sussex,11,6426001,83502,15.67586313,11.33263784,GB,100,Elite (5M+)
University of Swabi,University Of Swabi,3,111002,4230,11.61731251,8.350193651,PK,100,Medium (100K-1M)
University of Tampa,University Of Tampa,11,203584,9653,12.22383889,9.175127616,US,100,Medium (100K-1M)
University of Tartu,University Of Tartu,11,4426315,49096,15.30307819,10.80155321,EE,100,High (1M-5M)
University of Tasmania,University Of Tasmania,10,4319527,75274,15.27865669,11.22890335,AU,100,High (1M-5M)
University of Technology Sydney,University Of Technology Sydney,20,5316829,98294,15.48638782,11.49572844,AU,100,Elite (5M+)
University of Tehran,University Of Tehran,8,4561620,123334,15.3331886,11.72265951,IR,100,High (1M-5M)
University of Tennessee at Chattanooga,University Of Tennessee At Chattanooga,5,328910,13264,12.70354248,9.492884267,US,100,Medium (100K-1M)
University of Tennessee at Knoxville,University Of Tennessee; University Of Tennessee At Knoxville,19,10507735,147274,16.16762231,11.90005687,US,90,Elite (5M+)
University of Toledo,University Of Toledo,6,2317656,45796,14.65606732,10.73197387,US,100,High (1M-5M)
University of Toronto,Citizen Lab At University Of Toronto; University Of Toronto; University Of Toronto Citizenlab; University Of Toronto On,79,58141202,552156,17.87838514,13.22158771,CA,90,Elite (5M+)
University of Trento,University Of Trento,3,4035756,61554,15.21070445,11.02768636,IT,100,High (1M-5M)
University of Trinidad and Tobago,University Of Trinidad,3,37807,2566,10.540276,7.850493181,TT,90,Low (<100K)
University of Tulsa,University Of Tulsa; University Of Tulsa School Of Cyber,35,691989,18698,13.44732678,9.836225325,US,90,Medium (100K-1M)
University of Turin,University Of Turin,8,11650994,143302,16.27090214,11.87271655,IT,100,Elite (5M+)
University of Turku,University Of Turku,3,6480013,91883,15.68423323,11.42828219,FI,100,Elite (5M+)
University of Twente,University Of Twente; University Twente,18,5875100,89085,15.58623381,11.39735747,NL,95,Elite (5M+)
University of Udine,University Of Udine,13,3767488,40522,15.14191929,10.60962499,IT,100,High (1M-5M)
University of Ulster,Ulster University,23,3532629,61605,15.07755319,11.02851455,GB,95,High (1M-5M)
University of Utah,University Of Utah; University Of Utah Health,44,20458432,220543,16.83390573,12.3038525,US,95,Elite (5M+)
University of Uyo,University Of Uyo,4,134954,11970,11.81269667,9.390242337,NG,100,Medium (100K-1M)
University of Vermont,University Of Vermont,25,5193692,64524,15.46295556,11.07480802,US,100,Elite (5M+)
University of Victoria,University Of Victoria,6,5833191,75301,15.57907492,11.22926197,CA,100,Elite (5M+)
University of Vienna,University Vienna,7,10340739,167313,16.15160199,12.02762757,AT,95,Elite (5M+)
University of Virginia,University Of Virginia; University Of Virginia School Of Engineering,47,17431009,202774,16.67376136,12.21985227,US,90,Elite (5M+)
University of Waikato,University Of Waikato,12,1396161,30709,14.1492376,10.33234361,NZ,100,High (1M-5M)
University of Wales,University Of Naples; Wales University,9,3582542,49182,15.09158344,10.80330331,GB,92,High (1M-5M)
University of Warsaw,University Warsaw,3,4388822,108013,15.29457164,11.59001613,PL,95,High (1M-5M)
University of Warwick,University Of Warwick; Warwick University,19,9043882,139369,16.01759918,11.84488755,GB,95,Elite (5M+)
University of Washington,University Of Washington; University Of Washington Medicine,65,93970264,520351,18.35848896,13.16226078,US,95,Elite (5M+)
University of Waterloo,University Of Waterloo,46,9541455,155613,16.07115665,11.95513386,CA,100,Elite (5M+)
University of West Florida,University Of West Florida; University Of West Florida Center,48,302342,8373,12.61931741,9.032886947,US,95,Medium (100K-1M)
University of West London,University Of West London,7,164201,6106,12.00885266,8.717190933,GB,100,Medium (100K-1M)
University of Westminster,University Of Westminster,3,533215,18508,13.18668187,9.826012379,GB,100,Medium (100K-1M)
University of Windsor,University Of Windsor,22,1419486,38410,14.1658061,10.55609916,CA,100,High (1M-5M)
University of Winnipeg,University Of Winnipeg,5,421729,13042,12.95212058,9.47600687,CA,100,Medium (100K-1M)
University of Wisconsin–Madison,University Of Wisconsin; University Of Wisconsin At Madison,55,42984640,373362,17.57635342,12.83030642,US,95,Elite (5M+)
University of Wollongong,University Of Wollongong,18,5079288,82457,15.44068185,11.32004435,AU,100,Elite (5M+)
University of Wolverhampton,University Of Wolverhampton,7,569258,15865,13.25209079,9.671933734,GB,100,Medium (100K-1M)
University of York,University Of York; York University,83,7476533,101640,15.82727987,11.52920228,GB,95,Elite (5M+)
University of Zimbabwe,University Of Zimbabwe,6,564457,17359,13.24362126,9.761923988,ZW,100,Medium (100K-1M)
University of Zurich,University Of Zurich; University Zurich,16,20595548,201583,16.84058554,12.21396145,CH,95,Elite (5M+)
University of the Cumberlands,University Of The Cumberlands,3,40882,3230,10.61846961,8.080546966,US,100,Low (<100K)
University of the District of Columbia,University Of The District Of Columbia,5,93607,4699,11.44687113,8.455317788,US,100,Low (<100K)
University of the Highlands and Islands,University Of The Highlands,8,102155,3206,11.53425634,8.0730912,GB,95,Medium (100K-1M)
University of the South Pacific,University Of The South Pacific,4,201849,6097,12.21528013,8.715716128,FJ,100,Medium (100K-1M)
University of the Virgin Islands,University Of The Virgin,3,53504,1475,10.88753039,7.297091005,VI,95,Low (<100K)
University of the West Indies System,University Of The West Indies,7,482387,10798,13.08650405,9.287208816,JM,95,Medium (100K-1M)
University of the Western Cape,University Of The Western Cape,3,947813,27435,13.76191356,10.2196113,ZA,100,Medium (100K-1M)
University of the Witwatersrand,University Of The Witwatersrand,9,5173928,102823,15.45914292,11.54077407,ZA,100,Elite (5M+)
Universität Hamburg,University Hamburg,3,20217269,222096,16.82204775,12.3108695,DE,94,Elite (5M+)
Utica College,Utica College,11,22140,1479,10.00518637,7.299797367,US,100,Low (<100K)
Utrecht University,University Utrecht,8,20307822,235355,16.82651674,12.36885454,NL,95,Elite (5M+)
Valley City State University,Valley City State University,5,3793,336,8.24117615,5.82008293,US,100,Low (<100K)
Vanderbilt University,University Of Vanderbilt; Vanderbilt University; Vanderbilt University On; Vanderbilt University Owen Graduate School Of Management,42,19490349,172894,16.78543003,12.06043975,US,90,Elite (5M+)
Victoria University,Victoria University,9,1320387,25400,14.09343619,10.14254382,AU,100,High (1M-5M)
Victoria University of Wellington,Victoria University Of Wellington,3,1943939,62254,14.4802274,11.03899413,NZ,100,High (1M-5M)
Vienna University of Economics and Business,University Of Economics,3,604047,18097,13.31140894,9.803556714,AT,90,Medium (100K-1M)
Villanova University,Villanova University,5,799390,24737,13.59160547,10.1160958,US,100,Medium (100K-1M)
Vincennes University,Vincennes University,5,9017,2982,9.106977859,8.000684785,US,100,Low (<100K)
Voorhees College,Voorhees College,3,5792,253,8.664405571,5.537334267,US,100,Low (<100K)
Walden University,Walden University,6,104248,7415,11.55453755,8.911395107,US,100,Medium (100K-1M)
Waseda University,Waseda University,6,3425281,87021,15.04669436,11.37391624,JP,100,High (1M-5M)
Washington College,College Washington,4,117239,4181,11.67197839,8.33854488,US,95,Medium (100K-1M)
Washington University in St. Louis,Washington University In St,9,40178556,254351,17.508844,12.44647441,US,95,Elite (5M+)
Webster University,Webster University,14,107920,2740,11.58915476,7.916078096,US,100,Medium (100K-1M)
Wellesley College,Wellesley College,3,559043,12330,13.23398346,9.419871696,US,100,Medium (100K-1M)
West Chester University,Chester University,7,220972,7624,12.3057958,8.939187601,US,95,Medium (100K-1M)
Western University,Eastern University,3,12271290,170424,16.32277303,12.0460506,CA,94,Elite (5M+)
Whitworth University,Whitworth University,3,14403,1202,9.575261225,7.092573716,US,100,Low (<100K)
Widener University,Widener University,4,115588,4906,11.65779607,8.498418036,US,100,Medium (100K-1M)
Williams College,Williams College; Willis College,8,535158,11090,13.19031918,9.313889248,US,93,Medium (100K-1M)
Wilmington University,Wilmington University,5,1217672,11792,14.01245222,9.375261414,US,100,High (1M-5M)
Yale University,Able University; University Of Yale; Yale University,50,51561550,410021,17.75828682,12.9239661,US,93,Elite (5M+)
Yeshiva University,Yeshiva University,16,1997958,19043,14.50763672,9.85450737,US,100,High (1M-5M)
Zayed University,Zayed University,5,219680,11109,12.29993177,9.315600883,AE,100,Medium (100K-1M)
Zhejiang University,Zhejiang University,3,29209692,368151,17.19001116,12.81625118,CN,100,Elite (5M+)
